-0.06385599821806,0.12483523786068,0.00070814450737089,0.045190420001745,0.03923162072897,0.094301454722881,-0.11172567307949,-0.076685443520546,0.033986791968346,0.069319888949394,0.095155172049999,-0.094166085124016,0.00099997245706618,-0.041524346917868,0.11832869052887,0.043874531984329,-0.061623007059097,0.097127698361874,0.037230234593153,0.046515837311745,0.069261334836483,-0.10664577037096,0.19984473288059,-0.039933796972036,0.14597956836224,-0.078155115246773,-0.05142330750823,-0.11871378868818,0.091955304145813,-0.024882985278964,0.19554153084755,-0.0048088221810758,0.14031630754471,-0.02998118288815,0.096148043870926,0.084277294576168,0.010071755386889,0.11501441150904,0.072789616882801,-0.099351100623608,-0.013184486888349,-0.067370988428593,-0.039745774120092,0.021208429709077,-0.15868869423866,-0.088680170476437,0.082365565001965,0.02385376393795,-0.042305368930101,-0.018735010176897,-0.10352031886578,0.065027371048927,0.051394898444414,-0.034133803099394,-0.065017208456993,0.022193444892764,0.10814260691404,-0.068015344440937,-0.04700356349349,-0.13001833856106,-0.1883085668087,-0.043576497584581,0.10290779173374,-0.099186860024929,0.08306772261858,0.1548543125391,-0.025299465283751,0.026822732761502,-0.077735714614391,0.081281416118145,0.0027926587499678,0.082228682935238,-0.091800019145012,-0.049835048615932,0.093838907778263,-0.11254838854074,-0.082223266363144,-0.01462416537106,-0.0047013806179166,0.074491076171398,-0.10215314477682,0.018324162811041,-0.0068755554966629,0.03674254566431,0.025726919993758,0.05781664326787,-0.078715696930885,0.073122017085552,0.047722283750772,-0.014625370502472,0.073041819036007,0.00052136176964268,-0.0094336178153753,0.0037523156497627,0.013647982850671,-0.17303301393986,-0.13888297975063,0.23161174356937,-0.072829857468605,-0.053896501660347,0.015079462900758,-0.076212458312511,0.020345825701952,-0.067138954997063,0.071098513901234,0.1499869376421,0.13547246158123,-0.0079253753647208,0.27333095669746,-0.034088887274265,-0.1185524687171,0.074703812599182,-0.0010274057276547,0.02377387881279,0.097735814750195,-0.017234673723578,-0.045113775879145,-0.030267048627138,0.097595721483231,0.13725876808167,0.082665026187897,-0.062285356223583,-0.060645543038845,0.038505796343088,-0.02338663674891,0.043716430664062,0.17246446013451,0.15761712193489
-0.047241620719433,0.0013264765730128,0.057623986154795,0.080798871815205,0.039291732013226,0.074659548699856,-0.079610176384449,-0.037998370826244,-0.025813123211265,0.071025267243385,0.098204031586647,-0.036867268383503,-0.023932341486216,-0.025707459077239,0.20058177411556,-0.041180413216352,-0.057237666100264,0.059710685163736,0.10116568952799,0.10118100047112,-0.053089078515768,-0.098489388823509,0.16367076337337,-0.029869763180614,0.12168098241091,-0.037454463541508,0.0027443568687886,-0.095047511160374,-0.033994615077972,-0.12154839932919,0.13757860660553,-0.045726962387562,0.13792076706886,0.014683618210256,0.10524763166904,0.15448254346848,0.035056181252003,0.015377933159471,-0.021393505856395,-0.17545403540134,0.078913442790508,-0.11689861863852,-0.013675908558071,0.038832768797874,-0.23487094044685,-0.03031525015831,0.055159583687782,0.048309814184904,-0.046691115945578,0.024620162323117,-0.10088137537241,-0.039657313376665,0.028499683365226,-0.032855220139027,0.038565665483475,0.030980287119746,-0.059332549571991,-0.077494859695435,-0.044761072844267,-0.026815814897418,-0.17478315532207,-0.054330758750439,0.05538235232234,-0.10952713340521,0.17330676317215,0.18090711534023,-0.054929759353399,-0.011340953409672,-0.090258456766605,0.098189853131771,-0.027217335999012,0.061788339167833,-0.040736753493547,-0.064815334975719,0.073456153273582,-0.084862776100636,-0.021299242973328,0.027578203007579,0.046865273267031,0.013313892297447,-0.11016646027565,-0.071060657501221,-0.045728523284197,-0.015269688330591,-0.0042392555624247,0.0020968660246581,-0.046670109033585,0.094863958656788,0.032797157764435,0.092624358832836,0.13079284131527,0.017591146752238,0.0004269918135833,-0.0094018429517746,-0.049776043742895,-0.11030054837465,-0.096422553062439,0.11258909851313,-0.0055433325469494,-0.088339224457741,-0.017314750701189,-0.040020935237408,0.02456864900887,-0.22626787424088,0.10907688736916,0.15112000703812,0.13755442202091,-0.035076525062323,0.17492960393429,0.010673976503313,-0.099258109927177,0.06864507496357,0.07371124625206,-0.029176076874137,0.09718406945467,-0.098059147596359,0.033298764377832,-0.055696569383144,0.083025448024273,0.12757742404938,0.10885495692492,-0.11227130144835,-0.041366241872311,0.11010054498911,0.065254628658295,0.0375758074224,0.23929698765278,0.1156365275383
-0.087350681424141,0.07584772258997,0.051914181560278,-0.057700760662556,0.023348301649094,0.17679037153721,-0.13769994676113,0.03332930803299,-0.027952872216702,0.011666418984532,0.067619450390339,0.00033175788121298,-0.0085457982495427,-0.12012982368469,0.10113775730133,-0.024134995415807,-0.076598308980465,0.05069712549448,0.050311997532845,0.037528559565544,0.085882931947708,-0.0207749158144,0.099849700927734,0.061612784862518,0.054048582911491,0.035270061343908,0.067229472100735,-0.18630747497082,0.055553827434778,-0.090432532131672,0.18933366239071,-0.13635878264904,0.086259625852108,0.030555289238691,0.088540315628052,0.14566391706467,0.023024074733257,0.039481110870838,-0.0037404014728963,-0.0018205111846328,0.06425217539072,-0.068608567118645,-0.059956829994917,0.13588340580463,-0.15030452609062,-0.04275319352746,0.16558499634266,-0.028264880180359,-0.16460238397121,-0.01694131270051,-0.076410584151745,-0.04041949659586,-0.046939369291067,-0.018364330753684,0.0097253527492285,0.10312174260616,-0.015407051891088,0.045363254845142,-0.075319580733776,-0.10439598560333,-0.1494814902544,-0.061357334256172,0.15430343151093,-0.12007887661457,0.18017525970936,-0.066058851778507,0.017635697498918,-0.019717991352081,-0.030268872156739,0.19773317873478,-0.012189901433885,0.043836906552315,-0.11065246164799,-0.092374414205551,0.097606770694256,-0.077607452869415,-0.13515585660934,0.19090665876865,0.009899185039103,0.017451286315918,-0.18796983361244,0.078567303717136,0.020629098638892,0.045598946511745,-0.067718394100666,0.021608356386423,0.067479491233826,0.072306007146835,-0.0040429593063891,0.035483688116074,0.087665654718876,-0.064285576343536,-0.041307866573334,-0.0023032955359668,0.032516919076443,-0.092568531632423,-0.073445685207844,0.14206679165363,-0.080349527299404,-0.02689391374588,-0.091253072023392,-0.025728564709425,-0.086430966854095,-0.058837778866291,0.050165954977274,0.10922143608332,0.029577573761344,-0.03941548243165,0.064620546996593,-0.087177619338036,-0.10659568756819,0.054376911371946,-0.016914736479521,-0.016694793477654,0.12013800442219,-0.0093292100355029,-0.058701533824205,-0.21684354543686,0.076640851795673,0.14137683808804,0.14125949144363,-0.049043275415897,-0.047519367188215,0.060190975666046,0.0037508129607886,0.052036799490452,0.12969678640366,0.10626950114965
-0.11019828915596,0.050639182329178,0.051230851560831,0.12100029736757,0.044115725904703,0.10144539922476,-0.054873671382666,-0.090847216546535,0.075898721814156,0.083670355379581,0.074075303971767,-0.025771696120501,-0.089540250599384,-0.10489914566278,0.098707601428032,-0.02644046023488,-0.12085415422916,0.17760713398457,0.053630542010069,-0.0025766638573259,0.0092464406043291,-0.13025142252445,0.12012712657452,0.0087327975779772,0.15901969373226,-0.083338156342506,-0.044870052486658,-0.12976357340813,-0.0084690004587173,-0.075118109583855,0.18779368698597,-0.04024150967598,0.079596891999245,-0.035061221569777,0.14617428183556,0.088896609842777,-0.036727868020535,-0.041905838996172,-0.011865667998791,-0.15263825654984,0.08917136490345,-0.084414035081863,-0.02025081962347,0.078569039702415,-0.17576840519905,-0.13203217089176,0.048290345817804,0.014485652558506,-0.016088122501969,-0.045835804194212,-0.065854161977768,-0.051345977932215,0.056107591837645,-0.09420258551836,-0.017739478498697,0.09391587972641,-0.010128028690815,-0.034845713526011,-0.034954816102982,-0.062344830483198,-0.15090751647949,-0.036717195063829,0.10068336129189,-0.089175783097744,0.17798346281052,0.14529414474964,-0.053038436919451,-0.084528915584087,-0.11253563314676,0.15944373607635,-0.0087918825447559,0.10454445332289,-0.014004868455231,-0.069448262453079,0.00035141373518854,-0.097423747181892,-0.064896419644356,0.015925599262118,-0.028101889416575,-0.048102632164955,-0.13486936688423,0.036647044122219,-0.037648245692253,0.018930315971375,-0.028932254761457,0.011548149399459,-0.043239511549473,0.077326215803623,0.018486706539989,0.032498136162758,0.078308172523975,0.017007345333695,-0.00025996853946708,-0.076896034181118,0.020718190819025,-0.092755205929279,-0.14056889712811,0.11985694617033,-0.024927822872996,-0.0025956232566386,0.01825438067317,-0.080250568687916,0.021967727690935,-0.20811493694782,0.15347090363503,0.12260270863771,0.17361004650593,-0.081096068024635,0.13136947154999,0.047472968697548,-0.10705494880676,0.047572549432516,0.094547756016254,-0.046390306204557,0.10581304132938,-0.076991558074951,0.010771764442325,-0.0081619461998343,0.11982560902834,0.075172312557697,0.11257147043943,-0.099784225225449,-0.073805414140224,0.021389888599515,0.025772610679269,0.089312769472599,0.16189312934875,0.11990084499121
-0.067570999264717,-0.0017713253619149,-0.00025612881290726,-0.069195151329041,0.073689602315426,0.12559472024441,-0.04448252171278,0.011062449775636,0.094508819282055,-0.024830540642142,0.069468781352043,-0.036429263651371,0.10171926766634,-0.028965877369046,-0.018274676054716,0.018694786354899,-0.16815993189812,0.10519862920046,-0.1504470705986,0.084490060806274,0.23232045769691,-0.14584025740623,0.074119456112385,0.058407370001078,0.028712714090943,-0.058323562145233,-0.11471500992775,-0.14764067530632,0.036110065877438,-0.0069922972470522,0.16462258994579,-0.075368404388428,0.010639515705407,0.022063193842769,0.070295810699463,0.11719763278961,-0.069564446806908,0.10083302110434,-0.012206533923745,-0.1037438288331,0.017759529873729,-0.015273025259376,-0.035792890936136,0.132652297616,-0.062446802854538,-0.20728701353073,0.06576669216156,0.06783527135849,-0.049585435539484,0.0044504101388156,-0.20260551571846,-0.15368008613586,-0.053441885858774,-0.0031917847227305,0.033250670880079,0.072198979556561,-0.081012144684792,0.10779010504484,-0.087380684912205,-0.20987851917744,-0.089844450354576,0.0011050382163376,0.20538122951984,-0.021120265126228,0.037956658750772,0.074504271149635,-0.025130685418844,0.072627939283848,-0.014550294727087,0.036303736269474,0.051742270588875,0.077973157167435,-0.016531033441424,-0.11918710172176,-0.011663517914712,-0.072296641767025,-0.098814897239208,0.017346829175949,0.048057369887829,0.0098735187202692,-0.059688575565815,0.064487434923649,-0.038509801030159,-0.0081466492265463,-0.12099428474903,0.081092685461044,0.058994676917791,0.1237415522337,0.12129917740822,-0.0029087071307003,0.14426364004612,-0.12812335789204,-0.011997585184872,-0.046959232538939,-0.021523535251617,-0.088207669556141,-0.19477720558643,0.12750156223774,-0.089808948338032,0.030911572277546,0.035588949918747,-0.11237086355686,-0.046629626303911,-0.088388241827488,0.024669256061316,0.16656176745892,-0.034304965287447,-0.012549076229334,0.091994911432266,-0.056902803480625,-0.087061025202274,0.072731949388981,-0.09466677159071,0.04106430336833,0.12028237432241,0.087287738919258,-0.059742510318756,-0.030224021524191,0.024682117626071,0.088636159896851,0.039530970156193,-0.024716969579458,-0.036263883113861,0.084024377167225,-0.14377835392952,0.050145514309406,0.013136714696884,0.087226957082748
-0.095517717301846,0.13646477460861,0.05173184722662,-0.030639117583632,-0.01840303465724,0.1328377276659,-0.13117197155952,0.0038681216537952,0.0010786396451294,0.017236998304725,0.07249654084444,-0.024956900626421,-0.012695984914899,-0.09503273665905,0.048278968781233,0.0083524147048593,-0.033212035894394,0.088942803442478,0.039206270128489,0.011439661495388,0.090959437191486,-0.061539612710476,0.11473673582077,0.055381786078215,0.053289517760277,0.0038620983250439,0.090738199651241,-0.13364925980568,0.080418884754181,-0.046381685882807,0.15287466347218,-0.064534582197666,0.15490448474884,0.042955566197634,0.084976829588413,0.073213078081608,0.069644115865231,0.089201055467129,0.004279154818505,-0.052320022135973,0.018525427207351,-0.10999868810177,-0.0079502016305923,0.065815016627312,-0.1023261025548,-0.043268568813801,0.15489023923874,-0.051420889794827,-0.2100617736578,-0.035407345741987,-0.070075742900372,-0.012930759228766,0.020867684856057,-0.0066142342984676,-0.023531155660748,0.13069778680801,0.034224431961775,-0.0078838234767318,-0.086339838802814,-0.12238081544638,-0.14511740207672,-0.060695972293615,0.12672202289104,-0.15043598413467,0.17650081217289,0.0346889346838,-0.022254528477788,-0.052951920777559,-0.11965237557888,0.16956816613674,-0.071916371583939,-0.06084081530571,-0.1608307659626,-0.10081259161234,0.11533497273922,-0.070546768605709,-0.054496899247169,0.13009315729141,-0.0026729360688478,-0.030588699504733,-0.21934676170349,0.049088913947344,-0.0077540390193462,0.026020234450698,-0.043514341115952,0.032490342855453,-0.015853859484196,0.033682629466057,0.0056640203110874,0.082831479609013,0.070940926671028,-0.096250548958778,-0.035952877253294,0.022282673045993,0.076166115701199,-0.039315212517977,-0.088692761957645,0.19233699142933,-0.047920309007168,-0.01007017493248,-0.042328603565693,-0.043473266065121,-0.096535585820675,0.012512938119471,0.09471769630909,0.10826644301414,0.077260404825211,-0.040773503482342,0.061047527939081,-0.15444181859493,-0.14796498417854,0.049338012933731,0.01156981755048,-0.014356871135533,0.13281254470348,-0.027510916814208,-0.066645197570324,-0.17254829406738,0.1436602473259,0.1600067615509,0.12873117625713,-0.070629641413689,-0.062035545706749,0.029592599719763,0.049879543483257,0.07345612347126,0.14273265004158,0.0554194226861
-0.047551225870848,0.086124397814274,0.033498857170343,0.04351108148694,0.0043630651198328,0.13763146102428,-0.064268678426743,-0.030254404991865,-0.002275247592479,0.04251129925251,0.12516951560974,-0.096213713288307,-0.0088993813842535,-0.046891786158085,0.1229875087738,0.01939133554697,-0.12406025826931,0.069662846624851,0.050873078405857,0.0055434354580939,0.12034311890602,-0.12454916536808,0.1411442309618,-0.006999182049185,0.16633023321629,-0.071453951299191,-0.042085018008947,-0.14229829609394,0.094695173203945,-0.038799285888672,0.17706152796745,-0.089944913983345,0.077700540423393,-0.031914513558149,0.077497653663158,0.083979561924934,-0.072355248034,0.066522389650345,0.05343434214592,-0.093816801905632,0.0012322495458648,-0.076780535280704,-0.065155304968357,0.075612001121044,-0.13443996012211,-0.11591897904873,0.071267753839493,-0.017722953110933,-0.10499799251556,-0.064665175974369,-0.12331064045429,0.024143470451236,0.035540908575058,-0.040275864303112,-0.047584183514118,0.056479070335627,0.030629485845566,0.039267007261515,-0.05753705650568,-0.1209245249629,-0.16331116855145,-0.031022230163217,0.16650833189487,-0.079953417181969,0.11091174185276,0.19571255147457,-0.022834230214357,0.00043694555643015,-0.074601911008358,0.085855312645435,0.01128764078021,0.11115621030331,-0.074122719466686,-0.072798326611519,0.089839696884155,-0.11264093965292,-0.082718782126904,-0.032587211579084,0.0022917788010091,0.090270213782787,-0.1135381385684,-0.034219108521938,0.0012720320373774,-0.017071777954698,-0.041434183716774,0.052757866680622,-0.030394542962313,0.042099416255951,0.026677837595344,-0.014552618376911,0.11418535560369,-0.032485663890839,-0.040747929364443,0.0040230411104858,-0.0037006428465247,-0.14407220482826,-0.12472367286682,0.1714304536581,-0.038504395633936,-0.0080239679664373,3.2089064916363e-05,-0.06243148073554,0.013103334233165,-0.12222323566675,0.030766561627388,0.19245013594627,0.12918494641781,0.0050960453227162,0.21711300313473,-0.10289819538593,-0.065271571278572,0.073149554431438,-0.0067883301526308,-0.029443213716149,0.16539530456066,0.021623875945807,-0.051076129078865,-0.0008856647182256,0.11921562999487,0.12628726661205,0.064500600099564,-0.1278729736805,-0.075637146830559,0.032866731286049,-0.002679557306692,0.10258879512548,0.1757844388485,0.15683279931545
-0.048102449625731,0.050389714539051,0.059886481612921,0.06524234265089,-0.023913070559502,0.10054925829172,-0.078732743859291,-0.002982177073136,-0.0086226873099804,-0.004011535551399,0.12349863350391,-0.077480062842369,-0.018336927518249,-0.025259831920266,0.16254550218582,-0.0058413641527295,-0.083967320621014,-0.01602197624743,0.095911309123039,0.0021940027363598,0.086376450955868,-0.11299894750118,0.16076156497002,-0.0092714782804251,0.17646233737469,-0.042036570608616,0.0068609216250479,-0.16064079105854,0.053448878228664,-0.070674031972885,0.19961373507977,-0.10404124110937,0.1144910082221,-0.020346352830529,0.048879250884056,0.099660620093346,-0.046849500387907,0.11016459017992,0.028696022927761,-0.054845027625561,0.025838786736131,-0.065369285643101,-0.10233672708273,0.060604128986597,-0.14319851994514,-0.054107081145048,0.061128787696362,-0.079976052045822,-0.087996304035187,-0.086889825761318,-0.11693662405014,0.040132127702236,0.059956297278404,-0.034765601158142,-0.033268496394157,0.058362811803818,0.026096329092979,0.031937189400196,-0.053632397204638,-0.074164666235447,-0.17133401334286,-0.074925377964973,0.10225193202496,-0.10330739617348,0.15533247590065,0.14868687093258,0.013024798594415,0.012006187811494,-0.040788114070892,0.096170201897621,0.0048641646280885,0.093639492988586,-0.098569840192795,-0.084394186735153,0.12548699975014,-0.087302848696709,-0.088038474321365,-0.00015010555216577,-0.015223787166178,0.14628273248672,-0.17980161309242,-0.08055154979229,0.019091976806521,-0.019979126751423,-0.043158035725355,0.026113197207451,0.011980628594756,0.018058935180306,-0.047443062067032,-0.055768594145775,0.07814633846283,-0.028011593967676,-0.013410378247499,0.0043263505212963,-0.010580283589661,-0.14413373172283,-0.073184378445148,0.12220242619514,-0.0060049463063478,-0.019167885184288,-0.06721492856741,-0.047953866422176,0.0016208183951676,-0.088845454156399,0.030882760882378,0.144147336483,0.12841288745403,0.018805516883731,0.2028342038393,-0.13735288381577,-0.095252215862274,0.059832882136106,-0.029307290911674,-0.050671715289354,0.16601802408695,0.023263281211257,-0.068694837391376,-0.064087472856045,0.11986920237541,0.15113270282745,0.064077988266945,-0.083693660795689,-0.11830592155457,0.065457426011562,0.060216560959816,0.080313913524151,0.18753786385059,0.16833996772766
-0.077823475003242,0.12341914325953,0.087047941982746,-0.095664583146572,0.0024817157536745,0.16701385378838,-0.14677231013775,0.070547245442867,-0.065059117972851,0.03083479590714,0.050266802310944,-0.051159080117941,0.0020238005090505,-0.12828496098518,0.13594447076321,-0.016058394685388,-0.048739422112703,0.040924150496721,0.024872250854969,0.038048263639212,0.071094565093517,0.017224479466677,0.090948231518269,0.09181896597147,0.018793825060129,0.037644829601049,0.074086852371693,-0.17691197991371,0.097267761826515,-0.11341381818056,0.14620783925056,-0.12419977784157,0.074747748672962,0.062858797609806,0.072412341833115,0.12490976601839,0.062944963574409,0.069050900638103,-0.020260863006115,0.022402485832572,0.049562830477953,-0.091129675507545,-0.058088228106499,0.11010307073593,-0.10975436866283,0.037835754454136,0.18850158154964,-0.0061847995966673,-0.23615701496601,-0.018700610846281,-0.047867804765701,-0.028838435187936,-0.054167665541172,-0.01008898857981,-0.0034665879793465,0.093134954571724,0.0094077596440911,0.019680326804519,-0.030175428837538,-0.13190510869026,-0.11626932024956,-0.030658192932606,0.097418434917927,-0.10316511243582,0.14503784477711,-0.072799816727638,0.034996282309294,-0.013164126314223,-0.0085540674626827,0.18592621386051,-0.042082186788321,-0.0031366941984743,-0.11504516750574,-0.082564830780029,0.13224846124649,-0.092541955411434,-0.14740970730782,0.23917409777641,0.046959687024355,0.0037093327846378,-0.16270619630814,0.10756551474333,-0.0063275243155658,0.022679543122649,-0.036936741322279,0.036098249256611,0.055872365832329,0.053505666553974,-0.018442066386342,0.0818235501647,0.099032215774059,-0.064415715634823,-0.043689172714949,0.0025979259517044,0.012776717543602,-0.062552630901337,-0.044019307941198,0.14209491014481,-0.065763406455517,-0.05393160879612,-0.083044625818729,-0.013862079009414,-0.089724868535995,-0.0061541111208498,0.023937257006764,0.075700029730797,-0.0066046281717718,-0.026648344472051,0.059914872050285,-0.11367013305426,-0.07062566280365,0.089153029024601,-0.033427361398935,-0.026603499427438,0.10326744616032,-0.019662285223603,-0.11030082404613,-0.26611217856407,0.044896308332682,0.11085245758295,0.13661582767963,-0.018488874658942,-0.036941803991795,0.085121318697929,0.0094545371830463,0.025233613327146,0.09649882465601,0.044712111353874
-0.07951944321394,0.095261372625828,0.033351123332977,0.057544115930796,-0.0082476707175374,0.13511724770069,-0.049472037702799,-0.040568917989731,0.12949445843697,-0.00026351402630098,0.099949739873409,-0.045539978891611,-0.040403578430414,-0.1177474334836,0.041430301964283,-0.004578388761729,-0.11774282902479,0.034967966377735,-0.00077796709956601,-0.029729830101132,0.125931635499,-0.12074594199657,0.10075853765011,0.092750646173954,0.15178127586842,-0.075329177081585,0.045498859137297,-0.14344802498817,0.098431952297688,-0.018129695206881,0.22236420214176,-0.1140003874898,0.090668961405754,-0.00076506147161126,0.089360244572163,0.062461324036121,-0.042312055826187,0.070521809160709,-0.033621538430452,-0.10148286819458,0.035723183304071,-0.10499952733517,-0.076022014021873,0.11622608453035,-0.071209095418453,-0.11776124686003,0.043572328984737,-0.0045678382739425,-0.07124874740839,-0.078979633748531,-0.10363014787436,0.027848981320858,0.079783067107201,-0.10176859050989,-0.0002194572443841,0.12079392373562,-0.046131446957588,0.059557881206274,-0.086212985217571,-0.12960489094257,-0.1755740493536,-0.0912971124053,0.18420331180096,-0.10390970110893,0.14788188040257,0.10050981491804,-0.011695854365826,-0.051879484206438,-0.11677046120167,0.15482366085052,-0.057143233716488,0.040609452873468,-0.12718719244003,-0.11668163537979,0.070874370634556,-0.090157106518745,-0.032322484999895,0.05951551347971,-0.024033695459366,0.083777166903019,-0.15906782448292,-0.01393308956176,-0.0032657771371305,-0.016813855618238,-0.022861998528242,-0.032215893268585,-0.0074564097449183,0.051739472895861,-0.0002583020250313,0.034804634749889,0.089281961321831,-0.072569668292999,-0.037129648029804,-0.0053863856010139,0.044043626636267,-0.084602884948254,-0.10216607898474,0.085204787552357,0.02482296526432,0.0052060913294554,0.025670997798443,-0.074502304196358,-0.06217024102807,-0.099287949502468,0.051656186580658,0.10865007340908,0.11851497739553,-0.05829744040966,0.14181914925575,-0.098726131021976,-0.079669989645481,0.097347751259804,-0.0016782798338681,-0.022691985592246,0.18892496824265,0.03834480047226,-0.077479593455791,-0.023102937266231,0.14086647331715,0.16422526538372,0.084939792752266,-0.078609555959702,-0.10361313819885,0.037458915263414,0.02325670234859,0.12598240375519,0.14313806593418,0.08486994355917
-0.032142292708158,0.0575359351933,-0.057994432747364,-0.0050735520198941,-0.036256056278944,-0.0048389192670584,-0.10933668166399,-0.068491689860821,-0.063185557723045,0.048220615833998,0.11471194773912,-0.08386617153883,0.055343125015497,-0.0017770808190107,0.096892423927784,0.088467471301556,-0.015256487764418,0.031804826110601,0.071108587086201,0.069441631436348,-0.015577903948724,-0.083572320640087,0.18825748562813,-0.17206835746765,-0.0024090218357742,0.071092702448368,0.0027612627018243,-0.1677093654871,0.032697394490242,-0.058034520596266,0.059085462242365,0.10491233319044,0.18186697363853,-0.015776732936502,0.088689036667347,0.081646718084812,0.088885322213173,0.19093789160252,0.12232475727797,-0.079168781638145,-0.07422611862421,-0.10119016468525,-0.072643704712391,-0.027991868555546,-0.11230850219727,0.11705084890127,0.096102602779865,-0.012909471057355,-0.18988791108131,-0.089708559215069,-0.17645518481731,0.0075021106749773,0.077288076281548,0.029565431177616,-0.13264513015747,0.0025761954020709,0.12222485244274,-0.11112231016159,-0.092143058776855,0.0056770597584546,-0.10599478334188,-0.0343650393188,0.081824734807014,-0.084865972399712,0.14630836248398,0.15868733823299,-0.044674929231405,0.10131996124983,0.0073881703428924,-0.041091457009315,-0.049717329442501,-0.09507517516613,-0.10860824584961,-0.085711598396301,0.10359068959951,-0.085554003715515,-0.073129624128342,-0.045682072639465,-0.011631942354143,0.031985223293304,-0.11615296453238,-0.058458123356104,-0.14429883658886,-0.042658798396587,-0.07532960921526,0.12071476876736,-0.093845218420029,-0.045127145946026,-0.047080174088478,0.0075366520322859,0.10917357355356,-0.0030735074542463,-0.0095110265538096,0.055372182279825,-0.0012449865462258,-0.043061081320047,-0.075501449406147,0.17357185482979,0.00030952302040532,-0.028736118227243,-0.02832267805934,-0.098512396216393,-0.044431772083044,-0.030696008354425,0.13139256834984,0.096961498260498,0.13772332668304,0.082357175648212,0.15773083269596,-0.076338909566402,-0.15000848472118,0.023341679945588,0.031803622841835,-0.059581823647022,0.076735511422157,-0.031653456389904,-0.13233949244022,-0.097134105861187,0.11764427274466,0.051689479500055,0.045208230614662,-0.086829848587513,-0.011868773959577,0.10380414873362,0.093393832445145,-0.0070032584480941,0.094736985862255,0.044445261359215
0.0088745970278978,0.024221377447248,0.1907524317503,-0.068811871111393,-0.11025383323431,0.14591321349144,-0.10167451202869,0.16009323298931,-0.11293802410364,0.053981050848961,0.032429255545139,-0.011783919297159,-0.01527538895607,-0.099314212799072,0.14350402355194,-0.054518610239029,-0.096150934696198,-0.077690862119198,0.052690993994474,0.00020813912851736,0.01401030831039,0.012176006101072,0.10279415547848,0.10171905905008,0.011691351421177,0.061036147177219,0.094618283212185,-0.091189943253994,0.010523417033255,-0.16458615660667,0.048313826322556,-0.15197542309761,0.0068445573560894,0.12680174410343,-0.037058010697365,0.011136529035866,-0.015679448843002,0.14469148218632,0.04244988784194,0.076717011630535,-0.03757356479764,-0.1165167093277,-0.14641132950783,-0.081644028425217,-0.025034975260496,-0.084983341395855,0.02871884778142,-0.050937101244926,-0.17263738811016,0.11643332242966,0.053410943597555,0.086014285683632,-0.018983410671353,0.057679075747728,0.024402819573879,0.015620680525899,0.087467417120934,0.038442064076662,-0.081266343593597,-0.092455148696899,-0.065930150449276,-0.021476877853274,0.061924982815981,-0.092820785939693,0.043904840946198,0.050112444907427,0.02242455072701,0.051612727344036,-0.077104143798351,0.1557170599699,-0.080837681889534,0.034716665744781,-0.14017793536186,0.10099656134844,0.11874448508024,-0.11528680473566,-0.01329293474555,0.011097040958703,0.13598549365997,0.14789465069771,-0.15503606200218,-0.087904386222363,0.10750376433134,-0.044003427028656,-0.0093956990167499,-0.1194384098053,0.064470835030079,0.073773704469204,0.10835374891758,0.04599803686142,0.05127876996994,-0.039825100451708,0.073109738528728,0.1594525873661,-0.037573758512735,-0.033685721457005,0.02893896959722,0.033725988119841,-0.014879047870636,-0.036114491522312,-0.020960882306099,0.03060644492507,-0.18172220885754,0.022588726133108,0.076153934001923,0.053586523979902,0.0008691917755641,-0.10274887830019,0.06427475810051,-0.17549876868725,-0.0074353977106512,0.19441798329353,0.024149965494871,-0.0056552197784185,0.16648930311203,0.025158014148474,0.0027161363977939,-0.090605445206165,0.07990550994873,0.12950414419174,0.090250425040722,-0.073151312768459,0.0082873236387968,-0.02514005638659,0.080016635358334,0.0598129555583,0.20916821062565,0.044039208441973
0.065936677157879,-0.020774088799953,0.019667245447636,0.089196346700191,-0.036349885165691,0.15086755156517,-0.058025661855936,-0.063657082617283,-0.084280289709568,0.081264935433865,0.22052338719368,0.033545587211847,-0.030579430982471,-0.049013126641512,0.08134713023901,0.058114469051361,-0.029990503564477,0.1307602673769,0.093915000557899,-0.019249867647886,0.056680724024773,0.00042645988287404,0.058130379766226,-0.033470921218395,0.046581316739321,0.098561584949493,0.025548856705427,-0.15317653119564,-0.0089169275015593,-0.02721649594605,0.03303474187851,0.067348502576351,0.016210263594985,0.021541394293308,0.067554265260696,0.12673956155777,-0.049322720617056,-0.0085840346291661,0.16057832539082,-0.006877965759486,-0.049154799431562,-0.062894128262997,-0.13818049430847,-0.016142342239618,-0.092366248369217,-0.079372458159924,0.056311756372452,-0.079288445413113,-0.15223993360996,-0.083294682204723,0.032454308122396,0.090400815010071,-0.062615841627121,0.038086928427219,-0.053731024265289,0.055767752230167,0.051260400563478,0.0030319571960717,-0.1257476657629,0.096317060291767,-0.083440333604813,-0.094189770519733,0.17970085144043,-0.15423691272736,0.17688979208469,0.049565628170967,-0.0053665554150939,0.048798181116581,-0.019849743694067,0.22171540558338,0.0049754725769162,0.072073437273502,-0.079668566584587,-0.026779802516103,-0.035513058304787,-0.12976290285587,-0.018888019025326,0.018954433500767,-0.0906066223979,-0.029097177088261,-0.088462874293327,0.021034663543105,-0.024014409631491,-0.11340154707432,-0.1259820908308,0.040591739118099,0.023443471640348,-0.057507578283548,-0.041587196290493,0.022652670741081,0.088166780769825,-0.027585370466113,-0.066078707575798,0.12355837225914,0.019950408488512,-0.023141631856561,-0.039982631802559,0.0079953270033002,0.026697194203734,0.05301970615983,-0.026063490658998,-0.0087670236825943,-0.1044400408864,-0.072265215218067,0.18930979073048,0.13291975855827,0.13728506863117,-0.069205768406391,0.059777490794659,-0.071424275636673,-0.15450951457024,0.039095874875784,0.079527325928211,-0.071628898382187,0.22191107273102,-0.044370979070663,-0.0033372694160789,-0.096064046025276,0.12083554267883,0.042169790714979,0.091424122452736,-0.13987828791142,0.075385227799416,0.046692572534084,0.16294512152672,0.097033388912678,0.22217172384262,0.090517319738865
-0.10215340554714,0.042924493551254,0.091800980269909,-0.11372265219688,-0.029917269945145,0.16356332600117,-0.11382439732552,0.08644000440836,-0.13563294708729,0.14071752130985,0.042232926934958,-0.01163790281862,0.029670594260097,-0.1394409686327,0.10014402866364,0.057196423411369,-0.061937090009451,-0.0064752269536257,0.06122774258256,-0.060065466910601,0.063469149172306,-0.081843741238117,0.068790890276432,-0.0025938793551177,0.045221727341413,0.1359063833952,0.042009949684143,-0.14995227754116,0.04751231148839,-0.16254828870296,0.13436697423458,-0.069313257932663,-0.01261527556926,0.060830093920231,0.010077618993819,0.053769748657942,-0.019585626199841,0.054507609456778,0.16755549609661,0.051215257495642,0.025425486266613,-0.13410353660583,-0.064978145062923,-0.031117770820856,0.017363278195262,-0.06812822073698,0.075681902468204,-0.015000422485173,-0.22197537124157,-0.097591638565063,-0.019296811893582,-0.015248358249664,-0.052101619541645,-0.012510580942035,-0.074515476822853,0.072072513401508,0.08212124556303,0.035614222288132,-0.10693463683128,-0.04591379314661,-0.03618336096406,-0.0098170153796673,0.078494243323803,-0.092406220734119,0.15113143622875,0.047545254230499,-0.046240024268627,0.12812402844429,-0.00097328959964216,0.088228054344654,-0.071512900292873,0.072719916701317,-0.16733728349209,-0.03594059869647,0.099711209535599,-0.059257477521896,-0.063749551773071,0.13837757706642,0.064752146601677,0.057227052748203,-0.20567572116852,-0.029772538691759,0.10517042130232,0.047883093357086,-0.17377986013889,-0.010490690357983,0.12865440547466,0.08401333540678,0.043171517550945,-0.055079516023397,0.0078376336023211,-0.0079045360907912,0.06233973801136,0.14750103652477,-0.032662022858858,-0.0059692077338696,-0.0092362845316529,0.072088070213795,-0.10092236846685,0.0082481522113085,-0.043610408902168,-0.072565957903862,-0.2169329226017,0.061454337090254,0.18737651407719,0.066422194242477,0.0032684102188796,-0.0093031311407685,0.025581734254956,-0.13949784636497,-0.14045815169811,0.089551098644733,0.010428884066641,-0.0061349873431027,0.17505367100239,0.0097979111596942,-0.15433949232101,-0.076902963221073,0.052325639873743,0.10700063407421,0.078627772629261,-0.079555742442608,-0.023313213139772,-0.0040699089877307,0.0076607041992247,0.082315102219582,-0.0026044617407024,0.044692121446133
-0.041821982711554,0.00098244124092162,0.05432216078043,-0.056165780872107,-0.034439209848642,0.15184193849564,-0.16233550012112,0.066315025091171,-0.010351290926337,0.047286119312048,0.054598458111286,-0.022430777549744,-0.045389264822006,-0.104177929461,0.11299268901348,-0.015866260975599,-0.10160680860281,-0.012034283950925,0.088161863386631,-0.022555841132998,0.024563681334257,-0.028573829680681,0.18183898925781,-0.045440703630447,0.032713644206524,0.075736597180367,0.0723732188344,-0.19034454226494,-0.04864938929677,-0.17598846554756,0.17108826339245,-0.099564783275127,0.056462623178959,0.025401670485735,0.034569092094898,0.10007609426975,0.0076289158314466,0.13842733204365,0.086048662662506,0.074108004570007,-0.00074125448008999,-0.048202063888311,-0.19469526410103,-0.026385392993689,-0.10087665170431,-0.090934589505196,0.043179746717215,-0.059023786336184,-0.074273057281971,0.050240822136402,-0.045315433293581,0.056397285312414,-0.024593222886324,0.052564769983292,-0.056555062532425,0.014017818495631,0.16820015013218,-0.020112281665206,-0.10525983572006,-0.072268269956112,-0.08789487183094,-0.05754504725337,0.10263959318399,-0.13202573359013,0.12078730762005,-0.042036060243845,0.036414712667465,0.12825499475002,0.051580175757408,0.22068807482719,-0.0087324269115925,0.10358946025372,-0.11650434881449,0.014791608788073,0.062923580408096,-0.11549752950668,-0.11937955766916,0.070873722434044,0.0051173768006265,0.068230509757996,-0.21828633546829,0.028514388948679,0.065258078277111,0.022362694144249,-0.066142573952675,-0.026514206081629,0.074700109660625,0.10066315531731,0.048283688724041,-0.086493812501431,0.040990646928549,-0.012627613730729,0.071487218141556,0.057713188230991,0.027852011844516,-0.11529567837715,-0.016291672363877,0.097002178430557,-0.077938556671143,0.0086356038227677,-0.070021584630013,-0.061824604868889,-0.14889353513718,-0.020013839006424,0.16434098780155,0.044036760926247,0.036813478916883,-0.09241246432066,0.059533387422562,-0.067935727536678,-0.1256228685379,0.10689149051905,0.048576559871435,-0.012813171371818,0.15642683207989,0.011191383935511,-0.034514185041189,-0.15573838353157,0.090309046208858,0.099221788346767,0.11775360256433,-0.011651042848825,0.010213636793196,0.020661730319262,0.060212139040232,0.00013712768850382,0.13929833471775,0.15619367361069
-0.031166335567832,-0.03212433308363,0.021193208172917,0.0042053698562086,0.054844208061695,-0.0032351280096918,-0.047125607728958,0.056912682950497,0.047908931970596,0.055325634777546,0.11141524463892,-0.026097306981683,0.073455557227135,0.012031124904752,0.12780149281025,0.015620140358806,0.11277750134468,-0.029573787003756,0.018262336030602,0.11583429574966,0.044329673051834,-0.151676684618,0.079087503254414,-0.029942518100142,0.078790284693241,0.013435086235404,-0.0069918665103614,-0.079033151268959,0.024758962914348,-0.10199616104364,0.17822958528996,-0.017611641436815,0.16255480051041,0.033823642879725,0.046086333692074,0.1135935485363,0.080440543591976,0.17166082561016,0.023299928754568,-0.18277728557587,0.043320812284946,-0.038485523313284,-0.038792133331299,-0.016845732927322,-0.075961574912071,-0.027726819738746,-0.023607993498445,0.025538358837366,-0.053811974823475,-0.1127130612731,-0.21197763085365,-0.047846127301455,0.01483044680208,-0.048109371215105,-0.0011015441268682,0.029883932322264,-0.13020597398281,-0.032738015055656,-0.1400400698185,-0.038912158459425,-0.13925579190254,-0.12105473130941,0.042197816073895,-0.14143770933151,0.15748302638531,0.16866929829121,-0.053857453167439,0.13264338672161,-0.054923661053181,-0.056190952658653,0.014946909621358,-0.020749012008309,-0.12454771995544,-0.16969357430935,0.0565120652318,-0.010048917494714,0.031943131238222,0.091812156140804,0.066589213907719,0.027010614052415,-0.22181566059589,-0.069498419761658,-0.024668749421835,-0.0068036653101444,-0.0073799160309136,-0.022246712818742,0.029104631394148,0.12559886276722,0.078647918999195,0.0040377425029874,0.0771224796772,-0.052844531834126,0.023397417739034,0.095936559140682,0.0010424982756376,-0.091272585093975,-0.048173416405916,-0.00010060335625894,-0.082690924406052,-0.052931547164917,-0.03593535348773,-0.10667047649622,-0.10244457423687,-0.10114816576242,0.067275904119015,0.14322549104691,0.11019223183393,-0.051083706319332,0.18022510409355,-0.096525907516479,-0.16765858232975,0.021919773891568,-0.029950587078929,0.051873493939638,0.1738703250885,-0.054544929414988,-0.14509731531143,-0.083193153142929,0.023935312405229,0.12917956709862,-0.013811620883644,-0.0015046917833388,-0.075901553034782,0.17924827337265,0.096642084419727,0.028579249978065,0.11452995985746,0.0056675234809518
-0.044303204864264,0.032153129577637,-0.011539584025741,-0.036909680813551,-0.0190206207335,0.098083235323429,0.010473451577127,0.056245747953653,-0.10782825946808,0.14589013159275,0.089026503264904,0.00021044566528872,0.027312820777297,-0.079682298004627,0.12247979640961,0.0061429385095835,-0.036396987736225,-0.067360103130341,0.11183843016624,0.005907635204494,-0.012169563211501,-0.1269866079092,0.065643519163132,-0.025589551776648,0.02586062438786,0.13756284117699,-0.023070884868503,-0.19961173832417,0.080862812697887,-0.1249155625701,0.11882180720568,-0.011839678511024,-0.031578630208969,-0.0094224018976092,-0.022496413439512,0.076676025986671,-0.023873593658209,0.17021928727627,0.13385891914368,0.074617102742195,0.040161874145269,-0.048303131014109,-0.18751965463161,-0.03764683753252,-0.076852723956108,-0.0036121150478721,0.06949158012867,-0.05957617983222,-0.14022210240364,-0.1432348638773,-0.1165127903223,0.062612965703011,-0.053930085152388,-0.030209839344025,-0.057251058518887,0.055357802659273,0.052248690277338,0.1290000975132,-0.10941638797522,0.028847614303231,-0.093931414186954,-0.052862610667944,0.16068387031555,-0.16282145678997,0.16926984488964,0.084108605980873,0.041312165558338,0.11292906105518,0.036700747907162,0.042478926479816,-0.012121479958296,0.15351238846779,-0.11291567236185,0.072441287338734,0.10697543621063,-0.073598176240921,-0.074988342821598,0.11601084470749,0.039237003773451,0.034357380121946,-0.24429619312286,-0.018233980983496,0.015318151563406,-0.031517524272203,-0.11381466686726,-0.024463864043355,0.11915481835604,0.041526608169079,0.027287743985653,-0.16707691550255,0.054335001856089,0.016563018783927,0.088487438857555,0.059176553040743,0.040157191455364,-0.13583035767078,0.068789727985859,0.0018164133653045,-0.010495444759727,0.0074550043791533,-0.14247943460941,-0.086166813969612,-0.12708769738674,0.034967716783285,0.032697562128305,0.11774198710918,0.057940155267715,0.017376547679305,0.1101424023509,-0.10008699446917,-0.081976659595966,0.10422879457474,0.013172988779843,-0.058608155697584,0.17568050324917,0.0066891596652567,-0.13674382865429,-0.13864432275295,0.073529750108719,0.072843536734581,0.025233283638954,-0.0498529933393,-0.042261205613613,0.094579301774502,-0.0067650494165719,0.087154597043991,-0.020160652697086,0.053840354084969
-0.015178076922894,-0.039746642112732,0.080791786313057,0.060471564531326,0.014696977101266,0.13691358268261,-0.017729630693793,-0.009007953107357,-0.062422197312117,0.060760654509068,0.13651897013187,0.054277651011944,0.065589725971222,-0.023325549438596,0.1072783395648,0.029019488021731,-0.043538063764572,-0.018137818202376,0.013019595295191,0.084950968623161,0.096786521375179,-0.14901627600193,-0.022706896066666,0.11646614968777,0.089149974286556,0.096821904182434,-0.050774708390236,-0.11125400662422,0.019124530255795,-0.042100194841623,0.10577910393476,0.067513734102249,-0.0072838799096644,0.11485016345978,-0.016516713425517,0.17614862322807,-0.013710836879909,0.014314234256744,0.044989634305239,-0.12036067992449,0.10869810730219,-0.15017609298229,0.018215790390968,-0.020057372748852,-0.033956523984671,-0.12201686948538,0.095713496208191,0.020838495343924,-0.11940743029118,-0.091918110847473,-0.051372475922108,-0.070317253470421,-0.046217199414968,-0.00079365994315594,0.17374402284622,0.088137365877628,-0.16389697790146,0.088186249136925,-0.083257615566254,-0.047146312892437,-0.12082248181105,-0.058321230113506,0.12785215675831,-0.14398720860481,0.15144266188145,0.21024154126644,-0.026791805401444,0.021573623642325,-0.079799696803093,0.078631028532982,-0.073673687875271,0.091013513505459,-0.10266541689634,-0.015680165961385,0.103161200881,-0.064878076314926,0.075706578791142,0.11832889914513,0.049708370119333,0.029068324714899,-0.094623580574989,-0.029680877923965,0.036318358033895,-0.092249825596809,-0.11763912439346,-0.01071126293391,0.10324706882238,0.10153628140688,0.0532594807446,0.079750403761864,0.12754510343075,-0.070812113583088,0.0073143057525158,0.096526734530926,-0.098169885575771,-0.00055138452444226,-0.050772123038769,-0.0095571856945753,0.053881652653217,-0.020557129755616,-0.019059551879764,-0.050182048231363,-0.10876355320215,-0.05948394164443,0.069631397724152,0.20653465390205,0.0053616450168192,-0.013273962773383,0.048351366072893,-0.11412884294987,-0.14450539648533,0.11627113819122,-0.047815822064877,-0.046964310109615,0.22408047318459,-0.031685873866081,-0.017935438081622,-0.072224915027618,0.034588690847158,0.14547322690487,0.085967361927032,-0.085031293332577,0.03936081379652,0.098805285990238,-0.0075335651636124,0.15761718153954,0.14199265837669,0.041848376393318
-0.075080394744873,0.084295131266117,0.15696522593498,-0.050413202494383,-0.081192336976528,0.14603416621685,-0.13801594078541,0.038138531148434,-0.088204964995384,0.12285134196281,0.066417783498764,-0.046421881765127,-0.02201565913856,-0.10776835680008,0.12918594479561,-0.059824336320162,-0.1033278927207,0.071883134543896,0.065426051616669,0.017156468704343,-0.025326592847705,-0.048638410866261,0.10584416985512,0.03368904069066,0.00068325019674376,0.052316535264254,0.037523530423641,-0.069752514362335,0.0011424222029746,-0.17220936715603,0.05280751362443,-0.15000247955322,0.066053040325642,0.063417255878448,0.094742588698864,0.10247103869915,0.070787951350212,0.068862974643707,0.062825590372086,-0.036125279963017,0.0011437844950706,-0.14461269974709,-0.063181027770042,-0.069876246154308,-0.11282071471214,-0.054163616150618,0.091290771961212,0.038082890212536,-0.18419307470322,0.074880860745907,-0.02986110188067,0.049055993556976,-0.035519734025002,0.076166041195393,0.031906437128782,0.0284972358495,0.084215484559536,-0.0899857878685,-0.097373031079769,-0.1164578795433,-0.083889454603195,0.021476443856955,0.073597401380539,-0.093576371669769,0.099605858325958,0.11382737755775,-0.012119500897825,0.034595351666212,-0.076640233397484,0.17088355123997,-0.046330124139786,0.00098978274036199,-0.09149556607008,0.026616051793098,0.14210429787636,-0.097187712788582,-0.074715510010719,0.088699549436569,0.14870634675026,-0.016929678618908,-0.15843866765499,0.017243858426809,0.053432878106833,0.011974742636085,-0.042372073978186,-0.0084320828318596,-0.00383664900437,0.12191286683083,0.12106466293335,0.12097691744566,0.08396815508604,-0.030330933630466,0.12025176733732,0.075230553746223,-0.076524928212166,-0.1204287186265,-0.046723511070013,0.12721028923988,-0.045600965619087,-0.065512858331203,0.01510903891176,0.023360894992948,-0.12741473317146,-0.092331320047379,0.19984848797321,0.12528994679451,0.084173798561096,-0.082436233758926,0.058568265289068,-0.057543937116861,-0.079559661448002,0.11004688590765,0.10039655864239,0.0024925011675805,0.11019429564476,-0.04963031411171,-0.01345166284591,-0.097030453383923,0.069607265293598,0.065016597509384,0.11723200231791,-0.14150346815586,0.019043797627091,-0.0043725948780775,0.065202064812183,0.087876364588737,0.2042226344347,0.073079101741314
-0.061627689749002,0.029720110818744,0.12442746013403,-0.035681802779436,-0.041709426790476,0.05762941762805,-0.1145828589797,0.0016069418052211,-0.14071877300739,0.1360684633255,0.0055681178346276,0.0092969462275505,-0.022252231836319,-0.029196158051491,0.15454556047916,0.012405872344971,-0.012343425303698,-0.0062653440982103,0.14620099961758,0.046088524162769,-0.071135833859444,-0.031051361933351,0.1125295907259,0.024879099801183,-0.035852733999491,0.13241286575794,-0.0095889000222087,-0.13474586606026,0.035280596464872,-0.12510375678539,0.023050095885992,0.043008625507355,0.0593077018857,0.050969991832972,0.013985172845423,0.11363440752029,0.056245483458042,0.13666607439518,0.1132737249136,0.048155263066292,-0.050312470644712,-0.085511326789856,-0.14298444986343,-0.2318127900362,-0.018253719434142,0.11336080729961,0.097915180027485,-0.033068653196096,-0.19628132879734,-0.020467700436711,-0.043565068393946,0.0849839001894,0.036934696137905,0.025959946215153,-0.0078098592348397,0.045724522322416,0.18592675030231,-0.022370893508196,-0.12617719173431,0.056642521172762,-0.023558497428894,0.079110145568848,0.021312348544598,-0.14842653274536,0.13310308754444,0.096145898103714,0.0021021086722612,0.10114317387342,-0.038185443729162,0.12861436605453,-0.076478257775307,0.017159229144454,-0.16788667440414,0.10729227215052,0.13870359957218,-0.043486900627613,-0.020585479214787,0.071255534887314,0.11942196637392,-0.048092700541019,-0.17772844433784,0.049474488943815,-0.033916626125574,-0.017574414610863,-0.03330022841692,-0.028576761484146,-0.0035469096619636,0.058344058692455,0.0082929199561477,0.033178653568029,0.082209050655365,0.06742787361145,0.16247394680977,0.18572799861431,0.0057196272537112,-0.0058645247481763,0.020819470286369,0.066749148070812,0.041658394038677,-0.022805081680417,-0.016611784696579,-0.077660858631134,-0.21200889348984,0.0040551754646003,0.13484951853752,0.096986673772335,0.052031885832548,-0.12443882972002,0.063136719167233,-0.050551883876324,-0.10535808652639,0.12033716589212,0.10056866705418,-0.083634302020073,0.10689783096313,-0.0051139346323907,-0.078682690858841,-0.16018417477608,0.03759278729558,0.083329603075981,0.082410216331482,-0.059526514261961,0.0082806693390012,0.0041278772987425,0.001289913081564,0.13424484431744,0.072002977132797,-0.011099600233138
-0.028145544230938,0.0033826306462288,0.1542132794857,-0.03194173425436,-0.0061271525919437,0.19951996207237,-0.11629319190979,0.055887099355459,-0.08234491944313,0.058519218116999,0.018081031739712,-0.016525380313396,-0.055758848786354,-0.078699842095375,0.19154688715935,0.028617568314075,-0.078865528106689,-0.0024326909333467,0.068017989397049,-0.045335203409195,0.0077146939001977,0.0032656921539456,0.13488568365574,0.004214548971504,0.049453217536211,0.033505965024233,-0.0056230197660625,-0.14306196570396,-0.0026438548229635,-0.17262816429138,0.15973031520844,-0.015459292568266,-0.018249977380037,0.054503612220287,0.03205081820488,0.13010959327221,-0.037576574832201,0.039380077272654,0.091165572404861,0.060673508793116,0.002057627774775,-0.067884549498558,-0.1674906462431,-0.14661775529385,-0.028410734608769,-0.029499355703592,0.032154824584723,-0.050024498254061,-0.17863661050797,0.0081493351608515,-0.038464646786451,0.025868698954582,0.01606348156929,-0.01880862005055,-0.080063477158546,0.058620519936085,0.11230442672968,0.043610658496618,-0.11656524986029,0.025817660614848,-0.086269237101078,0.067906461656094,0.05834486708045,-0.18259753286839,0.15112444758415,0.089719735085964,0.0096998624503613,0.1106648594141,-0.071695953607559,0.22008998692036,-0.027466168627143,0.11749464273453,-0.13813661038876,0.026928424835205,0.053264863789082,-0.07127533107996,-0.049146726727486,0.0012617739848793,0.036161888390779,0.027611682191491,-0.14868120849133,0.00082324532559142,0.018425263464451,-0.034920524805784,-0.084362186491489,-0.027659179642797,0.040436293929815,0.051282349973917,-0.036747369915247,0.02046219445765,0.099505193531513,0.032279402017593,0.055232349783182,0.17157408595085,0.02823743969202,0.030883684754372,-0.017715277150273,0.053922861814499,-0.05001462996006,0.04854816570878,-0.038210801780224,-0.10482031106949,-0.23429244756699,-0.047485627233982,0.13538621366024,0.10683000087738,0.043328627943993,-0.13654398918152,0.05332574993372,-0.082443602383137,-0.11723133921623,0.12688992917538,0.096216537058353,-0.058701533824205,0.19616806507111,0.0035515951458365,-0.079707957804203,-0.056557606905699,0.085733085870743,0.1317014247179,0.11356304585934,-0.090740382671356,0.01842463389039,0.0095421876758337,0.067943170666695,0.095434688031673,0.1238908469677,0.043327901512384
-0.014224770478904,0.050422411412001,0.11894974112511,0.089418761432171,0.0067149205133319,0.15386958420277,-0.080485664308071,-0.036210812628269,-0.034674402326345,0.052954390645027,0.14175653457642,-0.021362591534853,-0.07546978443861,-0.13527055084705,0.11887059360743,-0.028016947209835,-0.059549070894718,0.092305168509483,0.015134131535888,0.024480454623699,-0.0059098862111568,-0.086740985512733,0.092734575271606,-0.030148796737194,0.1039754152298,-0.039356034249067,-0.043670274317265,-0.076801002025604,-0.029037715867162,-0.1696450561285,0.16397048532963,-0.040885794907808,0.0070823654532433,0.042127218097448,0.096654288470745,0.13636712729931,-0.033520821481943,-0.035694792866707,0.077828921377659,-0.083294562995434,0.065245032310486,-0.10425229370594,-0.10378076136112,-0.047098975628614,-0.11272973567247,-0.07590252161026,0.013523722998798,0.020258124917746,-0.13669943809509,0.0069634760729969,-0.068507261574268,0.066039808094501,-0.038723897188902,-0.035630635917187,-0.067378774285316,0.016333831474185,-0.03105035983026,-0.05553038790822,-0.12192856520414,0.012084112502635,-0.12216595560312,0.0067632114514709,0.097421258687973,-0.14931304752827,0.15772286057472,0.12820488214493,-0.011773587204516,0.022205710411072,-0.11511275917292,0.20151747763157,0.0075343907810748,0.083105385303497,-0.045542880892754,-0.0040259435772896,0.018175542354584,-0.11712171882391,-0.01881192997098,0.031756576150656,0.0090073691681027,0.0090154036879539,-0.16778549551964,-0.021186964586377,-0.0016093471786007,-0.040653195232153,-0.072920896112919,0.02672559954226,-0.013565132394433,0.051855113357306,0.0027721859514713,0.0615159496665,0.13355797529221,-0.015480843372643,0.028026914224029,0.081928744912148,-0.013070813380182,-0.095603451132774,-0.059962492436171,0.014555624686182,-0.075939826667309,-0.013110529631376,-0.027837751433253,-0.039006732404232,-0.12297265231609,-0.13321037590504,0.22423934936523,0.17388281226158,0.18040630221367,-0.031662829220295,0.11579470336437,-0.010797758586705,-0.1323039829731,0.069560550153255,0.08511246740818,0.013038688339293,0.17258855700493,-0.10566667467356,-0.04776544123888,-0.015712913125753,0.14756043255329,0.098902091383934,0.073993794620037,-0.10214568674564,-0.020271550863981,0.082269921898842,0.15305282175541,0.06129052862525,0.2221408188343,0.055938724428415
-0.016950704157352,-0.012420205399394,0.16044457256794,-0.046796053647995,0.016172427684069,0.095024257898331,-0.092138275504112,0.084001950919628,-0.11922723799944,0.11578140407801,0.13807091116905,0.016873795539141,0.024618349969387,-0.02146322093904,0.16139367222786,0.029166392982006,-0.011025769636035,0.053973495960236,0.040799930691719,0.037698041647673,0.051461834460497,-0.015614118427038,0.12622019648552,0.0012572458945215,0.063543535768986,0.068012595176697,0.087695173919201,-0.0090394886210561,0.043141406029463,-0.12772239744663,0.049205355346203,-0.10523225367069,0.11616147309542,0.10151276737452,0.022701011970639,0.05717932805419,0.015298010781407,0.078841604292393,0.085521802306175,-0.048178970813751,0.020472390577197,-0.091558001935482,-0.0028426083736122,-0.027284439653158,-0.14689245820045,-0.14685288071632,0.018425721675158,-0.023902468383312,-0.1139357611537,0.029575359076262,0.025498481467366,0.0099845174700022,-0.11714886128902,0.06015719845891,0.021558849141002,0.030198073014617,0.013871685601771,-0.031087528914213,-0.13260796666145,-0.0044712699018419,-0.12417001277208,-0.11987616121769,0.05769445002079,-0.074343852698803,0.15228696167469,0.11866011470556,-0.10837356001139,0.068406581878662,-0.094729401171207,0.14132604002953,-0.020057993009686,0.042859174311161,-0.08886630833149,-0.034119185060263,0.094306856393814,-0.07509932667017,0.028525143861771,0.056366566568613,0.075934745371342,-0.0020755410660058,-0.12280581891537,-0.085079595446587,0.13736030459404,0.039246145635843,-0.05185092240572,-0.061376590281725,0.064284540712833,0.13348844647408,0.10308791697025,0.084538213908672,0.043299283832312,-0.058153826743364,-0.020460952073336,0.14486716687679,-0.032629773020744,-0.081061750650406,-0.084074646234512,0.097391225397587,-0.07162120193243,-0.031564064323902,-0.02730754762888,0.002761158393696,-0.0953518897295,-0.05172336101532,0.19279800355434,0.11960329115391,0.079808905720711,-0.069458469748497,0.16204714775085,-0.18685841560364,-0.14208595454693,0.099384747445583,0.052892804145813,0.099201634526253,0.18779148161411,-0.06064959615469,0.030106343328953,-0.025079645216465,0.03732144087553,0.150554433465,0.094670303165913,-0.10715989768505,-0.011472817510366,0.017257742583752,0.098488084971905,0.074107870459557,0.23609288036823,0.10608522593975
0.00091729767154902,-0.013225235976279,0.17058409750462,0.095487542450428,-0.035370159894228,0.14529256522655,-0.12106864899397,0.013734782114625,-0.030943544581532,0.052261404693127,0.1348517537117,-0.0086612431332469,-0.084550961852074,-0.11131252348423,0.14969235658646,-0.021717855706811,-0.043384339660406,0.10572787374258,0.041826326400042,-0.0098065501078963,-0.006637935526669,-0.019636694341898,0.10384624451399,-0.011792249046266,0.090825125575066,-0.0039303936064243,0.028107224032283,-0.081583306193352,-0.07971928268671,-0.17039600014687,0.12856371700764,-0.019897297024727,0.05159305408597,0.076694421470165,0.076020292937756,0.11272103339434,-0.0034088601823896,-0.034627120941877,0.073512755334377,-0.059772308915854,0.04891524091363,-0.11356645822525,-0.10742518305779,-0.077557556331158,-0.10219033807516,-0.11220718175173,0.0031700497493148,-0.036240138113499,-0.1253801882267,0.013334130868316,0.024608589708805,0.051103055477142,-0.0075475792400539,0.0087414439767599,-0.056990213692188,0.030841372907162,0.021657796576619,-0.11437409371138,-0.093072853982449,0.0083608003333211,-0.10006107389927,-0.044181112200022,0.016805622726679,-0.13739503920078,0.13879106938839,0.10945992916822,-0.0021701795049012,0.029026433825493,-0.085887096822262,0.23148111999035,-0.024800416082144,0.043152946978807,-0.066635623574257,-0.030310347676277,0.0066413544118404,-0.1203311830759,-0.020045777782798,0.017061540856957,-0.01311813108623,0.016137713566422,-0.15457943081856,-0.012788564898074,0.023796658962965,-0.058853607624769,-0.035190749913454,0.0083026625216007,0.0033742657396942,0.043878417462111,-0.012315725907683,0.080571994185448,0.081353195011616,-0.0052227671258152,0.0089642778038979,0.11060417443514,-0.038987640291452,-0.026366984471679,-0.060177363455296,0.0099624637514353,-0.05148359388113,-0.006525456905365,-0.013043569400907,-0.027579948306084,-0.11785665899515,-0.11363288760185,0.25916492938995,0.10318792611361,0.14938808977604,-0.098093740642071,0.065828703343868,-0.043198067694902,-0.16290910542011,0.068980872631073,0.096711859107018,-0.028477169573307,0.18104319274426,-0.1220383644104,-0.017047133296728,-0.060631014406681,0.1292676627636,0.072735764086246,0.12317582964897,-0.089456960558891,0.012110460549593,0.04193852096796,0.21520909667015,0.038738157600164,0.27246728539467,0.080338850617409
-0.046364191919565,0.0021849249023944,0.185263261199,0.016409212723374,-0.051146131008863,0.16932642459869,-0.13216787576675,0.071164846420288,-0.090535126626492,0.11978348344564,0.062822885811329,-0.0044864355586469,-0.047033231705427,-0.15989480912685,0.18007816374302,-0.0076210368424654,-0.11892187595367,0.041710816323757,0.07036030292511,0.0057035116478801,-0.0096032442525029,-0.028296109288931,0.1037852242589,0.034220457077026,0.043473716825247,0.056925185024738,0.026991184800863,-0.14770863950253,-0.042761363089085,-0.17693327367306,0.10593664646149,-0.03685723990202,0.034286122769117,0.099771700799465,0.041427876800299,0.10640996694565,0.011133565567434,-0.017238229513168,0.062652602791786,-0.0092537607997656,0.048077497631311,-0.1895278096199,-0.10425398498774,-0.089957274496555,-0.079308293759823,-0.073442794382572,0.072869189083576,-0.01497948076576,-0.17642739415169,0.031459093093872,0.045768827199936,0.017311731353402,-0.008957153186202,0.014779277145863,0.0022043467033654,0.055550079792738,0.077166385948658,-0.09509053081274,-0.071233853697777,-0.022682778537273,-0.076655767858028,-0.01000683568418,0.0028512850403786,-0.11489456892014,0.13655434548855,0.080540798604488,-0.0091163711622357,0.032723657786846,-0.057859856635332,0.19788563251495,-0.09036099165678,0.060734927654266,-0.12370100617409,0.01674004085362,0.078367188572884,-0.10226799547672,-0.041958216577768,0.088148847222328,0.067542731761932,0.054449535906315,-0.14600804448128,-0.025849869474769,0.043687988072634,-0.010669288225472,-0.043318547308445,-0.0083376970142126,0.047712113708258,0.091190926730633,0.029964197427034,0.092129491269588,0.068865366280079,0.02614601328969,0.035812333226204,0.13790999352932,-0.10113423317671,0.0012148957466707,-0.037453405559063,0.051683399826288,-0.025161502882838,-0.02645044028759,0.014540043659508,-0.037301484495401,-0.16456553339958,-0.090963862836361,0.22729533910751,0.080618426203728,0.061080228537321,-0.090011432766914,0.033676199615002,-0.046051532030106,-0.14084106683731,0.12101194262505,0.078653275966644,-0.084625549614429,0.16156098246574,-0.063978426158428,-0.024941369891167,-0.09943975508213,0.075049594044685,0.10340033471584,0.15447795391083,-0.096599712967873,0.021150920540094,0.012905121780932,0.11133748292923,0.078564524650574,0.20965783298016,0.0793481990695
-0.029203452169895,0.10995353013277,0.10605865716934,-0.088467091321945,-0.063965849578381,0.21247842907906,-0.11422151327133,0.050733596086502,-0.096579857170582,0.081979922950268,0.097248390316963,-0.078002408146858,-0.027441415935755,-0.16096723079681,0.1564150005579,-0.0079424306750298,-0.12067177146673,-0.0014045626157895,0.04474350810051,-0.037153918296099,-0.0050744148902595,0.022368589416146,0.079494133591652,0.05752906575799,0.014974056743085,0.050134751945734,0.100261464715,-0.12438724189997,0.071572922170162,-0.16983397305012,0.12503346800804,-0.16865228116512,-0.028627794235945,0.06679954379797,0.069686621427536,0.12391196191311,-0.0070746457204223,0.018111988902092,0.060925148427486,0.068248175084591,-0.0017145887250081,-0.14577898383141,-0.14107550680637,0.036611206829548,-0.057370260357857,-0.0045017581433058,0.088386170566082,0.051392216235399,-0.24597807228565,0.026951411738992,-0.048313159495592,0.046903885900974,-0.058769579976797,-0.024871464818716,-0.065187849104404,0.060555800795555,-0.00045807682909071,0.064561799168587,-0.08666505664587,-0.044683776795864,-0.12354217469692,0.0092122880741954,0.17131991684437,-0.11910899728537,0.12350804358721,0.03296747431159,0.027484441176057,0.022129310294986,-0.063427664339542,0.20101098716259,-0.064273431897163,0.052222069352865,-0.11016198992729,0.0057216701097786,0.10116382688284,-0.15179823338985,-0.082947827875614,0.119554027915,0.071907065808773,0.049788732081652,-0.096283212304115,-0.021359421312809,0.00484035955742,-0.049170013517141,-0.1114227771759,-0.018354194238782,0.023033104836941,0.019317312166095,0.017462838441133,0.10094656795263,0.14181272685528,-0.027542360126972,0.0071673286147416,0.098116770386696,-0.00075519806705415,-0.03303350508213,-0.017835710197687,0.05116156116128,-0.020241556689143,-0.024394441395998,-0.053107347339392,-0.0123570561409,-0.18028883635998,-0.073362901806831,0.10057298839092,0.11547892540693,0.048981729894876,-0.059109475463629,0.055716726928949,-0.086700953543186,-0.0041790083050728,0.15167485177517,0.07619109749794,-0.010561185888946,0.15627743303776,-0.0055683152750134,-0.076616548001766,-0.087647572159767,0.094952657818794,0.09288626909256,0.12394309788942,-0.14862036705017,0.014221922494471,0.060698233544827,0.051201947033405,0.069478027522564,0.12520469725132,0.014242039993405
-0.032470975071192,0.090729221701622,0.16530372202396,-0.020087767392397,-0.021328696981072,0.23601052165031,-0.1015557423234,-0.036921344697475,-0.16884042322636,0.040544249117374,-0.0080583030357957,-0.042131505906582,0.027813179418445,-0.024196764454246,0.10797429829836,-0.068562008440495,-0.039364527910948,0.12053940445185,0.071879342198372,-0.0084342705085874,0.069201670587063,-0.03216414898634,0.073120571672916,0.15879084169865,0.057990111410618,-0.0039020304102451,-0.090998932719231,-0.087278768420219,0.065720021724701,-0.05172074586153,0.10129026323557,-0.090407572686672,-0.061063475906849,0.032118033617735,0.11411742120981,0.089090920984745,-0.050360288470984,0.025513686239719,0.061149213463068,-0.0549033023417,-0.023788370192051,-0.042434923350811,-0.040540989488363,-0.059288572520018,-0.065400876104832,-0.093307957053185,0.12436700612307,0.032659847289324,-0.19530963897705,0.018578369170427,0.018079418689013,0.0023246572818607,0.08055067807436,-0.00139379221946,0.019056741148233,0.069742769002914,0.070181049406528,0.11230882257223,-0.020803660154343,-0.18063811957836,-0.069929465651512,0.17777773737907,0.10768576711416,-0.15687100589275,0.092669650912285,0.14767809212208,0.047387089580297,-0.035287495702505,-0.19512028992176,0.1524266898632,-0.024469083175063,0.058965064585209,-0.084118165075779,0.019162457436323,0.056608565151691,-0.073223076760769,-0.060935698449612,-0.047910910099745,0.17515057325363,0.040489066392183,-0.083202630281448,0.043653074651957,0.050449755042791,-0.053641222417355,-0.0020584217272699,-0.095622286200523,-0.015305457636714,0.041840765625238,0.055955197662115,0.10161176323891,0.098222151398659,-0.0028936776798218,0.14014749228954,0.087823197245598,-0.029916068539023,-0.07273280620575,-0.018125353381038,0.19578272104263,-0.069651491940022,2.2582384190173e-05,0.052184227854013,0.084269940853119,-0.12157712876797,-0.01931363530457,0.021078059449792,0.16506135463715,0.061955641955137,-0.12430700659752,0.069137521088123,-0.043395530432463,0.010043126530945,0.096242405474186,0.041779235005379,-0.023223172873259,0.092749670147896,0.034868970513344,-0.076443374156952,-0.044375646859407,0.014655677601695,0.088324896991253,0.062236126512289,-0.19630517065525,-0.026186661794782,-0.12113818526268,-0.050399713218212,0.17601899802685,0.098524637520313,0.020634366199374
-0.041424196213484,0.14653959870338,0.023963531479239,-0.1294320076704,-0.027526779100299,0.063533090054989,-0.11497513204813,-0.064501471817493,-0.18429547548294,0.17310497164726,0.088391110301018,-0.012051014229655,0.076966978609562,0.047005012631416,0.11041559278965,0.078176990151405,0.045988835394382,0.029279937967658,0.095567718148232,0.04889765009284,-0.03783006221056,0.058731827884912,0.029377523809671,0.026394996792078,-0.090778358280659,0.17169338464737,0.062914870679379,-0.062235873192549,0.11098821461201,0.011566030792892,-0.081500008702278,0.042668994516134,0.063646659255028,0.051269173622131,0.039862308651209,0.14912292361259,0.11467354744673,0.10977755486965,0.1306407302618,0.075481452047825,-0.11099031567574,-0.090446271002293,-0.030112771317363,-0.090324185788631,-0.02400796674192,0.20752955973148,0.1848029345274,0.029032355174422,-0.27983790636063,-0.065583728253841,0.0010017211316153,0.074022233486176,-0.093954086303711,0.053259558975697,0.019778421148658,0.077147737145424,0.050504807382822,0.032639071345329,-0.10575536638498,0.071567378938198,-0.040883485227823,-0.00035477057099342,0.10829918086529,-0.13085953891277,0.1441083997488,0.011709385551512,-0.032109808176756,0.11737773567438,-0.030966816470027,0.10856959223747,-0.02981779538095,-0.03864436224103,-0.13729524612427,-0.013191623613238,0.14384110271931,-0.0088820522651076,-0.030203772708774,0.16411711275578,0.085234500467777,-0.12782219052315,-0.040674388408661,0.083687625825405,-0.062061786651611,-0.0057365926913917,-0.13450182974339,0.019946675747633,-0.0099577298387885,-0.028385665267706,0.0016801186138764,0.13658504188061,0.055490404367447,-0.047252811491489,0.053996153175831,0.17060376703739,0.0033314612228423,0.0052373893558979,0.0014050513273105,0.069388926029205,0.082416824996471,-0.042492035776377,-0.034354243427515,0.021547114476562,-0.16303630173206,0.038109891116619,0.035432852804661,0.11675492674112,-0.039820849895477,-0.047926291823387,0.022296583279967,-0.099006518721581,-0.055107116699219,0.058576837182045,0.045939803123474,-0.0097858468070626,0.069244764745235,-0.0020848342683166,-0.094764292240143,-0.18466572463512,-0.018771493807435,0.060079537332058,0.087327376008034,-0.099553287029266,0.056903503835201,0.068353556096554,-0.00050566828576848,0.1238247230649,0.021073054522276,-0.066385917365551
-0.021650480106473,-0.00017887291323859,0.090134769678116,0.003716936102137,0.019985204562545,0.1099823564291,-0.055661663413048,0.053966797888279,-0.053647328168154,0.0734673589468,0.12215688824654,0.050641555339098,-0.0020317216403782,-0.040124893188477,0.11047198623419,0.028952680528164,-0.022765813395381,0.013107908889651,0.035581205040216,0.01498013548553,0.099998325109482,-0.08769928663969,0.058214258402586,0.0021593682467937,0.085811041295528,0.078612096607685,0.029263058677316,-0.11980757862329,-0.0018222032813355,-0.070008307695389,0.089306019246578,-0.02947261556983,0.075440637767315,0.091667205095291,0.010342764668167,0.12051645666361,-0.011299123987556,0.083796478807926,0.050356462597847,-0.056973487138748,0.037953343242407,-0.071061208844185,-0.033056735992432,-0.0019771459046751,-0.075334519147873,-0.056777838617563,0.074235804378986,-0.09145426005125,-0.16736276447773,-0.068551748991013,-0.022372517734766,-0.0033309350255877,-0.10316050052643,0.014777882024646,0.079321049153805,0.100267611444,-0.062993817031384,0.050903607159853,-0.13713452219963,-0.0041234358213842,-0.092995569109917,-0.13816970586777,0.11276841908693,-0.15048204362392,0.22531446814537,0.069115027785301,-0.081093929708004,0.10329284518957,-0.051649414002895,0.20672927796841,0.0063467230647802,0.085159830749035,-0.12600146234035,-0.0728994384408,0.0462576597929,-0.027131006121635,0.013857452198863,0.11761245876551,0.0039371065795422,-0.040001440793276,-0.22870023548603,-0.010049034841359,0.048546142876148,-0.020195370540023,-0.14239737391472,-0.039753817021847,0.10758227109909,0.085603781044483,0.058768928050995,0.042695660144091,0.050692290067673,-0.099422216415405,-0.036423321813345,0.090343937277794,0.013526460155845,-0.019131347537041,-0.027697045356035,0.010019479319453,-0.01049099676311,0.017341077327728,-0.081186689436436,-0.0377247184515,-0.13763076066971,-0.049980629235506,0.10021562129259,0.12518335878849,0.014780425466597,-0.051022998988628,0.066065922379494,-0.18171381950378,-0.15954875946045,0.074024617671967,-0.025570275261998,-0.0080605959519744,0.27625250816345,-0.032652162015438,-0.02237293869257,-0.1445235311985,0.091088674962521,0.16002480685711,0.10381817817688,-0.022849939763546,0.009773668833077,0.099924877285957,0.12255943566561,0.089201137423515,0.21874952316284,0.060753587633371
-0.0056095137260854,0.089174181222916,0.034970685839653,-0.068365126848221,0.012684542685747,0.16340938210487,-0.11503744125366,-0.074245125055313,-0.060069303959608,-0.063308775424957,0.046347100287676,-0.0711465254426,0.03372622653842,0.023513600230217,0.037872351706028,0.019933102652431,-0.0297821611166,0.0021938283462077,0.052619259804487,0.017222337424755,0.14641261100769,-0.038644708693027,0.059206828474998,0.023960480466485,0.060197602957487,0.069652780890465,-0.057901736348867,-0.095533944666386,0.14633144438267,-0.0097512658685446,0.15816266834736,-0.024074709042907,-0.025757756084204,-0.013539715670049,0.097914889454842,0.12854443490505,-0.050706058740616,0.12535248696804,0.13413885235786,-0.068187907338142,-0.079333066940308,0.00093519053189084,-0.097289137542248,-0.01837239228189,0.014659863896668,-0.0037254837807268,0.092041909694672,0.036045461893082,-0.18413040041924,-0.073018282651901,-0.1849602162838,0.089083917438984,0.094132028520107,-0.028421528637409,-0.038632553070784,0.028955021873116,0.023230822756886,0.15924070775509,-0.14029167592525,-0.1551483720541,-0.076335527002811,0.087734051048756,0.24748088419437,-0.11346733570099,0.061595141887665,0.14905324578285,0.043236687779427,0.081729486584663,-0.074155621230602,0.09656623005867,-0.0010016114683822,0.018748933449388,-0.13452565670013,-0.036819782108068,0.053594466298819,-0.10044943541288,-0.059380520135164,-0.057061277329922,0.083363234996796,0.087876729667187,-0.073607124388218,0.067230090498924,-0.013176819309592,-0.089685685932636,-0.031351033598185,-0.071209892630577,-0.023296417668462,0.051905527710915,0.038347147405148,0.022839335724711,0.17898923158646,-0.025853341445327,0.045823838561773,0.14663022756577,0.066980786621571,-0.083997063338757,-0.020724184811115,0.15373478829861,-0.055577643215656,-0.014187194406986,-0.0034048592206091,-0.017951533198357,-0.16937237977982,-0.0056161480024457,-0.054414033889771,0.21206302940845,0.070994570851326,-0.059495836496353,0.15476183593273,-0.098684400320053,0.010112890042365,0.06445699930191,-0.079741530120373,0.025011835619807,0.17960955202579,0.083309903740883,-0.14679478108883,-0.068498484790325,0.078555397689342,0.099778465926647,0.0127316666767,-0.091552965342999,0.0075411982834339,-0.015457879751921,-0.059605922549963,0.12267433106899,0.10311835259199,0.0097591197118163
-0.10777316242456,0.11000101268291,0.025019578635693,0.018781589344144,-0.0661316588521,0.18855628371239,-0.055856049060822,-0.0011174231767654,-0.028235569596291,0.021702570840716,0.051544208079576,-0.0072631854563951,0.11820460855961,-0.061929762363434,-0.03248194232583,-0.0064993305131793,-0.12480429559946,0.0194091796875,-0.039642639458179,0.022838048636913,0.15897171199322,-0.23748536407948,0.035975843667984,0.035523004829884,0.075826451182365,-0.054398212581873,-0.13774721324444,-0.13486072421074,0.0076963412575424,0.016199618577957,0.16599102318287,0.0034170013386756,0.0064739976078272,0.030338829383254,-0.024711729958653,0.08199118077755,-0.075384862720966,0.031494956463575,0.032226037234068,-0.021998623386025,0.051708575338125,-0.16791535913944,0.031866069883108,-0.0035109305754304,-0.023877177387476,-0.18778224289417,0.12686079740524,-0.045417960733175,-0.12923622131348,-0.034139841794968,-0.031406056135893,-0.051793694496155,0.011957479640841,0.016951095312834,0.012421405874193,0.11323695629835,-0.0058425003662705,0.033024404197931,-0.00068422628100961,-0.1534678786993,-0.10793289542198,0.05033902451396,0.082800164818764,-0.16261877119541,0.10187041759491,0.11952832341194,0.024785669520497,-0.021952271461487,-0.14355699717999,0.032276518642902,-0.023273790255189,0.053182497620583,-0.11821004748344,-0.037657428532839,0.12224249541759,0.017850320786238,-0.015426624566317,0.0016331113874912,0.028039803728461,0.12466005980968,-0.18404021859169,-0.10301466286182,0.085962690412998,0.065343342721462,-0.14698667824268,0.12799651920795,0.06638440489769,0.0024973852559924,0.058518078178167,-0.042107038199902,-0.039387922734022,-0.14971803128719,0.083634294569492,0.020383862778544,-0.085131049156189,-0.076034285128117,-0.088309891521931,0.15802639722824,-0.068179152905941,0.051679752767086,0.01108596008271,0.0042326115071774,-0.073272153735161,0.087847784161568,0.097827918827534,0.15599203109741,-0.0056348815560341,0.10515101999044,-0.013813660480082,-0.11799219995737,-0.19896847009659,0.0093357777222991,-0.081301413476467,-0.040865790098906,0.067452475428581,0.052378989756107,-0.055865056812763,0.027341179549694,0.10098975896835,0.18429410457611,0.039529245346785,-0.14106564223766,-0.071459859609604,-0.019366152584553,-0.031278874725103,0.12569896876812,0.020474258810282,0.13367126882076
-0.051073826849461,0.036299083381891,0.03658215329051,-0.033842384815216,0.03195346519351,0.1967925876379,0.025359865278006,0.040632050484419,-0.031081523746252,0.0031676851212978,0.026038827374578,-0.030244925990701,0.14426915347576,-0.12771387398243,0.009514587931335,0.028684940189123,-0.15234057605267,0.010656856931746,-0.14554519951344,0.05981620028615,0.20769780874252,-0.17909720540047,0.0034079337492585,0.10147358477116,0.038742810487747,-0.088950261473656,-0.20496802031994,-0.16932147741318,0.061509869992733,0.0063083963468671,0.19537332653999,-0.0065722931176424,-0.13803522288799,0.049432784318924,-0.011153204366565,0.073835112154484,-0.13306568562984,-0.016413016244769,0.029223633930087,0.002197033027187,0.079783715307713,-0.12389677762985,-0.013227258808911,0.078053273260593,0.010506385937333,-0.19939281046391,0.082621395587921,0.071127757430077,-0.083112508058548,-0.027889758348465,-0.057873390614986,-0.13671052455902,-0.053266014903784,-0.059143256396055,-0.019594514742494,0.06264840066433,-0.08044008910656,0.14251798391342,0.012376280501485,-0.12681058049202,-0.070500887930393,0.086836919188499,0.097820974886417,-0.07784877717495,0.041184768080711,0.035572815686464,0.023573398590088,-0.031103566288948,-0.093241319060326,-0.049642767757177,-0.02527273632586,0.12750980257988,-0.060504570603371,-0.030299859121442,0.023081827908754,-0.040091637521982,-0.032944295555353,0.040989935398102,0.074121177196503,0.18050380051136,-0.039468076080084,-0.091370947659016,0.043525479733944,0.038228411227465,-0.14414724707603,0.10070745646954,0.11138978600502,0.029317859560251,0.017573822289705,-0.074834570288658,0.051370225846767,-0.090351320803165,0.023514991626143,0.0081872865557671,-0.12506484985352,-0.037123527377844,-0.091678120195866,0.086688444018364,-0.10445746779442,0.064447417855263,0.021212404593825,-0.04095471277833,-0.094625897705555,0.080105371773243,0.044306799769402,0.12467683106661,-0.061707559973001,0.13400852680206,0.048294965177774,-0.050732836127281,-0.12396266311407,0.046417586505413,-0.14141283929348,-0.0068406416103244,0.044602103531361,0.11070284247398,-0.083789937198162,0.082028456032276,-0.011295868083835,0.15959538519382,-0.011146361008286,-0.081649459898472,-0.082606986165047,0.046995967626572,-0.15035773813725,0.072908073663712,-0.12419731914997,0.056047204881907
0.055591080337763,0.1229195818305,-0.1038069948554,0.091037087142467,0.024163275957108,0.23620854318142,0.0020309670362622,-0.1320639103651,0.010150958783925,0.071899965405464,0.12735833227634,-0.0026637322735041,0.071557991206646,-0.14953607320786,-0.039460688829422,0.014122240245342,-0.043594684451818,0.24320895969868,-0.073313936591148,-0.0066838297061622,0.15245789289474,-0.080701552331448,0.054099563509226,0.082171827554703,0.078925520181656,-0.14844936132431,-0.1255819350481,-0.19446946680546,-0.04072979092598,0.13504715263844,0.11467201262712,0.10504987835884,-0.083333067595959,0.10385643690825,0.095032960176468,0.018268605694175,-0.015955643728375,-0.081827744841576,0.11490894854069,-0.047389682382345,-0.029104571789503,-0.12769415974617,0.016345646232367,0.068617329001427,-0.077360093593597,-0.23308040201664,0.089882418513298,0.077848039567471,-0.058833085000515,0.072973325848579,0.137904971838,-0.040071226656437,-0.057352438569069,-0.0087410351261497,-0.074714168906212,0.053079213947058,0.043056599795818,-0.014777176082134,0.02942437492311,-0.071352295577526,-0.056417636573315,-0.0035464300308377,0.1264476031065,-0.21699205040932,0.050935167819262,-0.08979843556881,0.017548525705934,-0.058251608163118,-0.1242543682456,0.1468790769577,-0.048919409513474,0.10701666027308,-0.074815176427364,-0.017421735450625,-0.14815948903561,-0.14066204428673,0.0085403835400939,0.024599805474281,-0.07176148891449,0.059424363076687,-0.053423155099154,0.04548268020153,-0.018294259905815,0.0012461018050089,-0.093135595321655,0.096525371074677,-0.020609913393855,-0.11936573684216,0.047076173126698,0.0084503656253219,0.019025329500437,-0.12410736083984,-0.02060441672802,-0.054469559341669,-0.027928553521633,-0.057347010821104,-0.1384412497282,0.10768213123083,-0.081343479454517,0.052884113043547,0.08740458637476,0.033974036574364,-0.026401741430163,0.10321293026209,0.16044993698597,0.018000338226557,0.024526175111532,0.042366046458483,-0.022607874125242,0.10699807852507,-0.14584665000439,0.017400719225407,-0.0010210655163974,0.0075691933743656,0.018989516422153,-0.010170989669859,0.051386151462793,-0.0081830164417624,0.066467843949795,0.093757927417755,0.090916983783245,-0.055695008486509,0.0082341022789478,0.05834473669529,-0.016327131539583,-0.040591269731522,0.029531694948673,0.052455294877291
-0.074675850570202,0.1856225579977,0.0055110109969974,0.035062212496996,-0.028742473572493,0.20857572555542,-0.17311644554138,-0.16199384629726,0.058043353259563,0.026232110336423,0.050101563334465,-0.048054046928883,-0.077960826456547,-0.12075734138489,0.04658542573452,0.023184837773442,-0.12878985702991,0.16229937970638,-0.011924082413316,-0.050823975354433,-0.023162148892879,0.023570474237204,0.091098949313164,-0.014957962557673,0.053384110331535,-0.040885630995035,0.0068357354030013,-0.083131395280361,-0.038398135453463,-0.024393793195486,0.14243870973587,0.061377581208944,0.054975181818008,0.020444549620152,0.15151087939739,0.1329607218504,0.039962470531464,-0.078427448868752,0.044694300740957,-0.040754482150078,0.0070356335490942,-0.13040199875832,0.0066683455370367,0.013870099559426,-0.069288790225983,-0.042609054595232,0.13341023027897,0.047929756343365,-0.18223549425602,0.050773575901985,-0.0053377845324576,-0.0047796783037484,0.066012755036354,-0.025740737095475,-0.07656516879797,0.092760942876339,0.019674729555845,-0.071075446903706,-0.037180822342634,-0.095653764903545,-0.14615972340107,0.068776413798332,0.13764606416225,-0.16125105321407,0.10907363146544,0.086103431880474,0.011484410613775,-0.03825630992651,-0.14773061871529,0.23657819628716,-0.035760167986155,-0.0088574858382344,-0.05777944996953,-0.03404001519084,0.035851523280144,-0.099081046879292,-0.098332516849041,-0.037903193384409,-0.070841103792191,-0.070220172405243,-0.013853752054274,0.12489882856607,-0.082808658480644,-0.021570129320025,-0.081081233918667,0.090406596660614,-0.10892031341791,-0.048280719667673,-0.025173746049404,0.15943765640259,0.092921584844589,-0.0594760812819,-0.023799777030945,0.001349798287265,0.049398247152567,0.04260978102684,-0.11206490546465,0.14598304033279,-0.023767886683345,0.0022004940547049,0.023348428308964,-0.059931721538305,-0.068820655345917,-0.094656132161617,0.11380448937416,0.10873203724623,0.05970112606883,-0.069703787565231,-0.030861746519804,0.058909345418215,-0.065163820981979,0.058699462562799,0.10488980263472,-0.049686674028635,0.052109837532043,-0.10182518512011,-0.041793897747993,-0.034831497818232,0.17553754150867,0.04957503080368,0.21457208693027,-0.1201610788703,0.078162975609303,-0.010124434717,0.073130413889885,0.02721555903554,0.15938502550125,0.02925575338304
-0.068788774311543,0.088538348674774,-0.11495404690504,0.055861044675112,-0.034455880522728,0.19578713178635,-0.085293859243393,-0.17068633437157,0.069449298083782,0.074331864714622,0.097936049103737,-0.067760117352009,0.032013632357121,-0.012608180753887,0.036543592810631,0.025389375165105,-0.10637140274048,0.086049199104309,0.067076303064823,-0.0069398274645209,0.047875922173262,-0.11110516637564,0.048996709287167,0.038767956197262,0.083057373762131,0.0091788042336702,-0.096542604267597,-0.18478171527386,0.042134065181017,0.043274249881506,0.21312984824181,0.068290621042252,0.0010829683160409,-0.094480931758881,0.11202028393745,0.19904372096062,-0.087198503315449,-0.0051217516884208,0.040160100907087,-0.08003818243742,-0.043109007179737,-0.079274840652943,-0.11011289060116,0.09425114095211,-0.043351367115974,-0.08829752355814,0.089436717331409,0.096431583166122,-0.057373769581318,-0.10450480878353,-0.092060454189777,0.01093574706465,0.11575268208981,-0.11816526204348,-0.023988312110305,0.10711494088173,-0.046856764703989,0.094897106289864,0.0096853543072939,-0.12067858874798,-0.17274121940136,0.043761137872934,0.23986983299255,-0.1340393871069,0.097548790276051,0.13565249741077,0.048161141574383,-0.0080287987366319,-0.082053452730179,0.091495908796787,-0.0048317741602659,0.085356764495373,-0.061366014182568,-0.074782393872738,0.00185723870527,-0.11276093870401,-0.093873091042042,-0.03556964546442,-0.031167505308986,0.049392215907574,0.0012034104438499,0.037475641816854,-0.11163455247879,-0.080845206975937,-0.07594245672226,0.023619471117854,-0.050364054739475,-0.043653037399054,0.026706289499998,0.0024480884894729,0.078571364283562,0.0036588606890291,0.023398427292705,-0.0013998143840581,0.034462261945009,-0.047524325549603,-0.082856863737106,0.10453905165195,0.0038332352414727,0.024796590209007,0.085561119019985,-0.023622576147318,-0.034778740257025,-0.17071489989758,-0.023129405453801,0.18458543717861,0.076451122760773,-0.11398219317198,0.099299035966396,0.078041329979897,-0.042762953788042,0.056171827018261,0.027857331559062,-0.11842820048332,0.096484713256359,0.028430305421352,-0.053824368864298,-0.025105135515332,0.10768070816994,0.056750331073999,0.092034384608269,-0.19347795844078,0.026475382968783,0.0022713269572705,-0.08045993745327,0.14169350266457,0.067749634385109,0.10429482907057
-0.073566280305386,0.092029005289078,-0.086107462644577,-0.0023878859356046,-0.063266672194004,0.145437926054,-0.046412412077188,-0.048949532210827,0.16601067781448,0.011743545532227,0.11054629087448,-0.1162051409483,0.053270936012268,-0.016470009461045,-0.0034354785457253,0.046354293823242,-0.081316456198692,0.042489919811487,-0.046202473342419,-0.069334760308266,0.13476793467999,-0.076621271669865,-0.0085427789017558,-0.011889935471117,0.032714236527681,0.0037184024695307,-0.11145690083504,-0.14944963157177,0.11980883032084,0.013543550856411,0.27038392424583,0.07095855474472,-0.00038687235792167,-0.085150539875031,0.078068293631077,0.14858360588551,-0.059473104774952,0.1029816120863,0.044595535844564,-0.021241070702672,-0.037862107157707,0.0022385173942894,-0.15547670423985,0.11425525695086,0.050664179027081,-0.15615354478359,0.030619632452726,0.041213743388653,-0.05361183360219,-0.18041095137596,-0.19162236154079,0.033557552844286,0.06981199234724,-0.096556924283504,-0.10148736834526,0.11397211998701,-0.064889028668404,0.10916563123465,-0.038454409688711,-0.15524975955486,-0.17506667971611,-0.015847772359848,0.22697491943836,-0.10429669171572,0.046936370432377,0.11425870656967,0.10826081037521,0.017131255939603,-0.01038746535778,0.047873232513666,0.022398818284273,0.026695651933551,-0.042446214705706,-0.060063373297453,-0.024622268974781,-0.14731565117836,-0.11422251909971,-0.025952462106943,-0.07500995695591,0.013429649174213,-0.029892733320594,0.077398113906384,-0.098569966852665,-0.098287969827652,-0.04872802272439,0.031160684302449,0.0012564981589094,-0.042300928384066,0.022578503936529,-0.06788707524538,0.10162387043238,-0.057644095271826,-0.021552536636591,-0.019196249544621,0.11709563434124,-0.027418613433838,-0.074609100818634,0.057013798505068,-0.060917224735022,0.11127088218927,0.0069366367533803,-0.083720952272415,-0.066771782934666,-0.080051615834236,-0.050826404243708,0.15671910345554,0.063363052904606,-0.10662560164928,0.14308248460293,-0.021196085959673,-0.073380298912525,0.038617376238108,-0.083058841526508,-0.064728870987892,0.16335721313953,0.033730007708073,-0.082690864801407,-0.07814921438694,0.14141409099102,0.0016370229423046,0.060040961951017,-0.094301484525204,0.014535986818373,0.056217275559902,-0.044604200869799,0.057990916073322,0.016805725172162,0.077744476497173
-0.057023223489523,0.085462480783463,-0.10432562977076,0.085549920797348,-0.013968411833048,0.19450464844704,-0.072276659309864,-0.19938702881336,0.073891423642635,0.047343235462904,0.083427645266056,-0.050077114254236,0.012800668366253,-0.01775530166924,0.021348290145397,0.044456984847784,-0.0821867659688,0.086774885654449,0.055710919201374,-0.018660947680473,0.061633039265871,-0.11395965516567,0.033285491168499,0.043795619159937,0.10446344316006,0.0048193386755884,-0.12154502421618,-0.17899073660374,0.036380220204592,0.054037965834141,0.22488598525524,0.10974065959454,-0.020747998729348,-0.084771454334259,0.11514268070459,0.18888288736343,-0.087730899453163,-0.016360653564334,0.062929071485996,-0.096839308738708,-0.02914128638804,-0.061754666268826,-0.085359543561935,0.059512361884117,-0.01072149630636,-0.081936113536358,0.085222169756889,0.08163657784462,-0.062519967556,-0.1198056936264,-0.085283473134041,0.0063250646926463,0.13559128344059,-0.13027106225491,-0.016676381230354,0.10343612730503,-0.046731784939766,0.10764282941818,-0.005656317807734,-0.10848854482174,-0.1593137383461,0.062129832804203,0.22856628894806,-0.15858542919159,0.10927863419056,0.15519037842751,0.041395984590054,-0.0065669063478708,-0.10276623815298,0.097933620214462,-0.0028407191857696,0.094881132245064,-0.068127870559692,-0.066275201737881,-0.01697938516736,-0.10094244033098,-0.071044124662876,-0.050953913480043,-0.044493395835161,0.044028174132109,-0.0029250883962959,0.059278570115566,-0.10653621703386,-0.092438936233521,-0.082799591124058,0.012751034460962,-0.055212557315826,-0.050215564668179,-0.00087288208305836,0.00063324416987598,0.084178648889065,0.0066312258131802,0.021950419992208,0.014405300840735,0.05207322537899,-0.016822287812829,-0.068287819623947,0.092519581317902,-0.00097763841040432,0.033277921378613,0.081326879560947,-0.043298579752445,-0.052908103913069,-0.14485238492489,-0.020819177851081,0.18268321454525,0.084989100694656,-0.11012624949217,0.090463869273663,0.081273980438709,-0.050900030881166,0.052534461021423,0.023373797535896,-0.11402759701014,0.11831505596638,0.018090525642037,-0.07700988650322,-0.011296701617539,0.10691621899605,0.062012668699026,0.087498560547829,-0.1641970127821,0.035340089350939,-0.0059933373704553,-0.071595408022404,0.1529850512743,0.063181824982166,0.073587790131569
0.0050912592560053,0.11409362405539,-0.08099689334631,0.073284223675728,0.05345593392849,0.045539706945419,-0.00093729444779456,-0.019406689330935,-0.09236253798008,0.11792153865099,0.081350386142731,0.10678756982088,0.092325672507286,-0.12202743440866,-0.10379768162966,0.13054901361465,-0.0037578323390335,0.14502739906311,-0.11124815046787,0.1236400604248,0.14020682871342,-0.18567708134651,0.14578953385353,0.017434485256672,-0.0002216041466454,-0.039158463478088,-0.066709898412228,-0.16853621602058,0.0059784268960357,0.091844961047173,-0.066704526543617,0.13125917315483,0.054843828082085,0.06412498652935,-0.097069680690765,-0.057006318122149,-0.070289328694344,0.1179703399539,-0.012397039681673,0.013622375205159,-0.061197798699141,-0.071761824190617,0.02842316403985,0.0144436461851,-0.10973874479532,-0.071419402956963,0.16986975073814,-0.096272081136703,-0.13994581997395,0.063185572624207,0.18415080010891,-0.030661897733808,-0.17915037274361,0.020972358062863,0.011724304407835,0.017441067844629,0.10468882322311,-0.030415305867791,0.05294094234705,-0.0058359350077808,-0.0229866001755,-0.10056615620852,0.058722134679556,-0.10933370143175,0.13685032725334,-0.1429300904274,-0.12633308768272,0.039458528161049,-0.10213670134544,0.11476651579142,-6.048770956113e-05,0.1008121445775,-0.057640545070171,0.01211269851774,-0.021701933816075,0.020814491435885,0.026190385222435,0.11814445257187,-0.089668467640877,-0.033001121133566,-0.1585248708725,-0.02166660875082,-0.0018043152522296,0.05232972279191,-0.13193127512932,0.1120066344738,0.025185354053974,-0.021957192569971,0.054151985794306,-0.050536584109068,-0.1376863270998,-0.12094414234161,-0.10248576849699,-0.02034923247993,0.0079537071287632,-0.021671390160918,-0.055591937154531,0.1311010569334,-0.036209374666214,0.013687828555703,-0.023158295080066,-0.011946737766266,-0.015085459686816,0.20411077141762,0.090335078537464,0.0051458668895066,-0.064857795834541,0.16087625920773,0.04898240044713,-0.13107152283192,-0.20378988981247,0.10113806277514,0.0041637709364295,0.010530589148402,0.066167488694191,-0.0091950567439198,-0.02701441757381,-0.054793011397123,0.052557613700628,0.16546314954758,-0.017606902867556,0.068691425025463,-0.01478801574558,0.052891496568918,0.040802076458931,0.035633318126202,0.01922420784831,0.021467406302691
0.027633532881737,0.13509413599968,-0.12658652663231,0.082494050264359,0.042037032544613,0.046846073120832,0.032285306602716,-0.052565138787031,-0.10164714604616,0.09138361364603,0.063766367733479,0.095458008348942,0.094178684055805,-0.11720853298903,-0.10708351433277,0.071577064692974,-0.02259180508554,0.11066588014364,-0.083723701536655,0.16295750439167,0.1136302947998,-0.20542958378792,0.14511193335056,-0.013233296573162,-0.0043137609027326,-0.038397617638111,-0.10589392483234,-0.17798015475273,0.0080716703087091,0.11636973917484,-0.089080974459648,0.14980262517929,0.045915365219116,0.05591419711709,-0.069080509245396,-0.048553813248873,-0.045100428164005,0.16346333920956,-0.012040580622852,-0.038910426199436,-0.058516532182693,-0.087437070906162,0.03527694568038,0.01874740421772,-0.15633626282215,-0.016390552744269,0.1866130232811,-0.074433609843254,-0.13861837983131,0.095728129148483,0.14020821452141,0.027368381619453,-0.15176182985306,0.046353418380022,0.064975924789906,-0.023168563842773,0.1040666103363,-0.037426587194204,0.035690903663635,-0.04041101410985,-0.035975400358438,-0.09262827783823,0.1032315865159,-0.12612788379192,0.13108770549297,-0.12482725828886,-0.097564890980721,0.026880521327257,-0.11291240900755,0.092854179441929,0.011928860098124,0.097808562219143,-0.058966796845198,0.065064154565334,0.00084975943900645,0.018632363528013,0.015380599536002,0.080166399478912,-0.052403192967176,0.0047456664033234,-0.16109158098698,-0.02536872215569,-0.01677068322897,0.044023737311363,-0.090419180691242,0.09056680649519,-0.0034039649181068,-0.014278419315815,0.090785630047321,-0.034479670226574,-0.09459774941206,-0.13063405454159,-0.073954105377197,-0.056339185684919,-0.01318302936852,-0.099180266261101,-0.012541901320219,0.14782044291496,-0.0057846242561936,-0.029076687991619,-0.016331251710653,0.034826893359423,0.02214577421546,0.20042157173157,0.031695604324341,0.027721222490072,-0.048066224902868,0.21751168370247,0.077960312366486,-0.085024408996105,-0.15567730367184,0.096204422414303,-0.032304156571627,0.0034547736868262,0.053053386509418,-0.0065099918283522,-0.0012834541266784,-0.088419407606125,0.081456795334816,0.17551425099373,-0.017604991793633,0.055950179696083,0.011110206134617,0.062937088310719,0.037914283573627,0.02045657299459,0.06341990083456,0.024485869333148
